RecordID,Year,Country,Sport,Gender,Athletes,Gold,Silver,Bronze,HostCountry,IsHost
1,1992,USA,Wrestling,Male,115.0,4,3,17,USA,True
2,2024,Australia,Athletics,Male,48.0,6,7,16,Japan,False
3,1988,France,Cycling,Female,113.0,14,18,8,Australia,False
4,1988,Russia,Rowing,Female,143.0,4,6,10,USA,False
5,1992,Australia,Swimming,Female,434.0,11,19,8,Australia,True
6,1988,India,Swimming,Female,41.0,17,9,20,Japan,False
7,2008,Canada,Cycling,Male,24.0,7,9,2,Australia,False
8,2000,China,Rowing,Female,233.0,20,11,5,UK,False
9,2008,UK,Wrestling,Male,312.0,20,5,17,France,False
10,2000,Russia,Shooting,Female,139.0,20,17,7,France,False
11,2008,USA,,Male,413.0,10,12,8,USA,True
12,2000,Canada,Boxing,Male,336.0,15,12,20,Brazil,False
13,1996,Germany,Gymnastics,Male,382.0,17,17,8,France,False
14,2024,Australia,Rowing,Female,113.0,4,16,15,USA,False
15,1988,China,Gymnastics,Male,406.0,13,19,2,Brazil,False
16,2012,Canada,Shooting,Female,498.0,17,0,3,France,False
17,2020,Germany,Boxing,Male,151.0,13,5,14,USA,False
18,2004,France,Gymnastics,Male,446.0,20,9,20,Japan,False
19,2024,UK,Gymnastics,Female,391.0,5,17,16,USA,False
20,2024,Japan,Shooting,Male,58.0,11,9,7,USA,False
21,2000,Canada,Swimming,Male,375.0,15,2,17,Australia,False
22,1996,Russia,Shooting,Male,136.0,16,19,13,China,False
23,2020,UK,Wrestling,Female,344.0,20,11,14,Japan,False
24,2016,China,Cycling,Male,33.0,10,0,18,Japan,False
25,2000,Canada,Cycling,Male,37.0,20,1,7,USA,False
26,1988,Japan,Swimming,Male,,15,6,17,China,False
27,2024,Canada,Shooting,Male,402.0,15,13,6,USA,False
28,1992,Australia,Boxing,Female,211.0,14,1,20,France,False
29,1992,USA,Rowing,Female,410.0,3,7,6,China,False
30,2020,India,Gymnastics,Female,94.0,8,14,7,Australia,False
31,1992,India,Swimming,Male,334.0,17,0,2,Australia,False
32,2000,Russia,Rowing,Female,247.0,6,12,1,China,False
33,2012,USA,Rowing,Female,475.0,14,9,13,France,False
34,2020,India,Gymnastics,Male,152.0,6,1,18,France,False
35,2020,USA,Boxing,Male,26.0,18,15,16,Australia,False
36,2020,Russia,Athletics,Male,436.0,5,2,19,USA,False
37,2000,Australia,Swimming,Male,297.0,19,1,19,USA,False
38,2012,Canada,Boxing,,105.0,10,7,8,Brazil,False
39,1996,Germany,,Female,476.0,2,0,14,Japan,False
40,2024,China,Swimming,Male,260.0,8,4,11,USA,False
41,2000,Japan,Wrestling,Male,225.0,17,9,19,Australia,False
42,2020,USA,Wrestling,Male,481.0,4,8,3,USA,True
43,2020,Russia,Wrestling,Female,310.0,6,10,6,France,False
44,2004,France,Shooting,Female,464.0,1,2,20,Brazil,False
45,2004,USA,Athletics,Female,395.0,4,20,8,China,False
46,2016,,Rowing,Male,58.0,2,4,17,USA,False
47,2008,Canada,Gymnastics,Female,66.0,1,9,11,Australia,False
48,1988,Japan,Cycling,Male,342.0,3,11,17,Australia,False
49,2012,Canada,Gymnastics,Male,443.0,5,5,13,USA,False
50,1996,Japan,Rowing,Male,137.0,5,3,12,Australia,False
51,1988,India,Cycling,Male,419.0,14,11,9,Australia,False
52,2000,UK,Athletics,Male,205.0,10,8,2,Australia,False
53,2004,Japan,Rowing,Female,481.0,0,3,8,China,False
54,2024,Germany,Athletics,Male,306.0,13,11,10,Brazil,False
55,2024,France,Swimming,Female,461.0,18,6,8,USA,False
56,2012,USA,Cycling,Female,221.0,2,10,19,UK,False
57,1992,Germany,Wrestling,Female,168.0,12,9,17,China,False
58,2000,Australia,Rowing,Male,316.0,18,9,12,Japan,False
59,1988,Germany,Wrestling,Male,221.0,18,19,20,UK,False
60,2016,India,Shooting,Male,262.0,15,5,2,UK,False
61,2020,Canada,Boxing,Male,420.0,7,9,7,Australia,False
62,2000,Russia,Athletics,Male,126.0,15,19,2,Brazil,False
63,2012,Canada,Cycling,Female,254.0,12,7,4,France,False
64,1988,China,Rowing,Male,91.0,16,14,1,Japan,False
65,2000,China,Shooting,Male,411.0,14,16,17,Japan,False
66,2008,India,Rowing,Female,460.0,5,15,14,UK,False
67,2000,Germany,Shooting,Male,,14,2,9,China,False
68,2004,Japan,Boxing,Male,71.0,4,7,12,France,False
69,1996,UK,Swimming,Female,209.0,10,17,14,Brazil,False
70,1988,UK,Rowing,Female,464.0,18,0,18,Brazil,False
71,2016,USA,Boxing,Female,386.0,12,13,17,France,False
72,2020,Canada,Cycling,Female,113.0,8,13,15,USA,False
73,2012,Japan,Rowing,Male,431.0,14,4,19,Japan,True
74,1988,Australia,Athletics,Male,330.0,13,4,14,China,False
75,1988,Germany,Rowing,Female,109.0,14,10,10,Australia,False
76,2012,Germany,Rowing,Female,428.0,2,15,0,France,False
77,2020,USA,Boxing,Male,333.0,2,20,1,Australia,False
78,1988,UK,Cycling,Male,319.0,4,7,4,Brazil,False
79,1992,Canada,Cycling,Female,359.0,8,11,5,Japan,False
80,2024,China,Gymnastics,Female,56.0,18,0,9,Japan,False
81,2012,Australia,Cycling,Male,304.0,20,7,3,France,False
82,2004,Canada,Swimming,Male,178.0,17,13,11,USA,False
83,2020,Japan,Athletics,Female,422.0,15,3,13,UK,False
84,2016,Russia,Rowing,Male,376.0,16,20,8,Japan,False
85,2020,India,Shooting,Female,423.0,18,8,10,Australia,False
86,2000,China,Wrestling,Female,125.0,14,18,19,France,False
87,2012,Japan,Athletics,Female,436.0,10,5,15,China,False
88,2008,Germany,Boxing,Female,451.0,19,8,17,USA,False
89,2020,UK,Swimming,Male,369.0,13,15,17,Australia,False
90,2000,India,Shooting,Female,406.0,0,2,9,China,False
91,2012,UK,Wrestling,Female,243.0,17,16,11,Brazil,False
92,2020,Japan,Boxing,Female,139.0,9,8,7,USA,False
93,2000,Japan,Swimming,Male,99.0,6,15,8,France,False
94,2024,France,,Male,427.0,6,9,7,UK,False
95,1996,Germany,Athletics,Male,141.0,1,1,17,UK,False
96,1996,India,Swimming,Male,294.0,9,15,15,Brazil,False
97,2008,Russia,Athletics,Female,482.0,15,3,2,Brazil,False
98,2016,China,Athletics,Male,77.0,18,9,2,China,True
99,1992,France,Rowing,Male,398.0,16,12,14,Brazil,False
100,2004,Canada,Rowing,Female,292.0,19,1,19,France,False
101,1992,,Cycling,Female,339.0,2,5,7,China,False
102,2020,China,Gymnastics,Male,210.0,14,19,15,UK,False
103,1988,UK,Wrestling,Female,360.0,14,2,7,UK,True
104,2024,UK,Rowing,Male,279.0,7,20,4,UK,True
105,1996,China,Athletics,Male,406.0,9,19,18,UK,False
106,2016,China,Shooting,Female,359.0,12,8,16,Japan,False
107,2016,India,Swimming,Male,456.0,13,10,19,UK,False
108,1988,China,Cycling,Male,392.0,8,18,1,Australia,False
109,1996,India,Shooting,Female,93.0,18,13,20,Australia,False
110,2016,China,Shooting,Female,210.0,10,10,3,Australia,False
111,1996,Japan,Rowing,Female,148.0,12,17,1,Brazil,False
112,1992,Japan,Wrestling,Female,60.0,12,16,0,France,False
113,2020,India,Rowing,Male,97.0,16,11,19,Australia,False
114,2016,India,Athletics,Male,137.0,17,4,9,Brazil,False
115,2016,China,Athletics,Male,364.0,5,9,17,USA,False
116,2020,Australia,Swimming,Male,431.0,3,14,3,France,False
117,1996,India,Wrestling,Female,213.0,15,15,7,Brazil,False
118,2020,Russia,Rowing,Male,472.0,19,16,4,Australia,False
119,1992,Germany,Rowing,Female,479.0,16,8,0,UK,False
120,2004,Canada,Shooting,Male,229.0,17,15,11,UK,False
121,2020,France,Rowing,Female,478.0,10,6,7,Japan,False
122,2012,UK,Rowing,Male,163.0,15,12,12,France,False
123,1996,India,Athletics,Male,258.0,18,10,3,Australia,False
124,2016,China,Shooting,Male,370.0,4,13,20,China,True
125,1992,India,Wrestling,Female,320.0,12,20,2,Australia,False
126,2008,France,Rowing,Female,321.0,15,17,1,Japan,False
127,1992,UK,Wrestling,Male,383.0,2,13,3,Australia,False
128,1992,India,Gymnastics,Female,463.0,0,1,10,Australia,False
129,1988,Germany,Boxing,Female,221.0,4,7,16,Brazil,False
130,2024,Russia,Gymnastics,Male,41.0,19,12,19,France,False
131,2000,India,Gymnastics,,237.0,20,8,14,UK,False
132,1988,India,Wrestling,Male,38.0,14,11,18,UK,False
133,2012,Germany,Shooting,Female,102.0,12,15,3,China,False
134,2012,Canada,Boxing,Female,359.0,9,0,12,UK,False
135,1988,Canada,Athletics,Female,427.0,9,7,19,Australia,False
136,2008,UK,Cycling,Female,348.0,4,20,3,France,False
137,1988,Germany,Shooting,Male,297.0,11,4,2,UK,False
138,2008,Australia,Gymnastics,Male,68.0,17,11,16,Japan,False
139,2004,Russia,Wrestling,Female,496.0,9,10,3,Brazil,False
140,1992,Russia,Cycling,Female,496.0,17,11,2,Australia,False
141,2012,USA,Wrestling,Male,233.0,11,8,18,Brazil,False
142,2008,China,Cycling,Female,13.0,19,17,10,Japan,False
143,2000,China,Shooting,Female,333.0,13,3,4,USA,False
144,1988,Germany,Shooting,Male,50.0,7,17,4,Brazil,False
145,2016,Japan,Rowing,Male,454.0,13,20,3,Australia,False
146,2016,Canada,Rowing,Female,17.0,11,6,14,Brazil,False
147,2000,Japan,Swimming,Female,279.0,20,11,1,Brazil,False
148,2004,UK,Swimming,Female,47.0,6,20,20,Japan,False
149,1988,USA,Boxing,Male,65.0,18,6,2,Australia,False
150,2020,UK,Cycling,Male,169.0,4,19,0,UK,True
151,1996,Russia,Wrestling,Male,57.0,0,4,0,UK,False
152,2000,Canada,Boxing,Male,90.0,8,1,4,France,False
153,2012,France,Swimming,Male,244.0,14,11,16,Japan,False
154,1992,India,Cycling,Male,373.0,16,9,14,France,False
155,1988,USA,Shooting,Female,219.0,3,15,14,USA,True
156,1992,Japan,Gymnastics,Male,65.0,8,19,20,Japan,True
157,2020,Japan,Rowing,Female,233.0,16,19,13,USA,False
158,1992,France,Cycling,Female,232.0,7,13,10,Australia,False
159,2016,Australia,Rowing,Male,161.0,13,10,8,UK,False
160,1996,India,Swimming,Male,426.0,2,2,13,USA,False
161,2008,Russia,Athletics,Female,,3,13,11,Australia,False
162,2012,USA,Wrestling,Female,181.0,3,18,16,China,False
163,1996,,Cycling,Male,180.0,17,11,3,Australia,False
164,2004,Canada,Cycling,Female,433.0,17,19,19,France,False
165,2020,USA,Wrestling,Male,93.0,8,9,10,UK,False
166,1988,Russia,Gymnastics,Female,36.0,4,20,0,USA,False
167,2020,UK,Rowing,Female,233.0,10,5,11,UK,True
168,2008,Canada,Swimming,Male,80.0,5,19,1,France,False
169,1992,Germany,Shooting,Female,249.0,19,14,13,UK,False
170,2000,France,Swimming,Female,221.0,3,9,18,Brazil,False
171,2020,Germany,Athletics,Male,203.0,19,1,0,China,False
172,2004,UK,Gymnastics,Female,149.0,10,3,0,Brazil,False
173,2012,Russia,Gymnastics,Female,273.0,7,16,17,Australia,False
174,2008,China,Rowing,Male,224.0,0,14,2,Australia,False
175,2008,Canada,Rowing,Female,364.0,20,13,9,USA,False
176,2012,USA,Boxing,Male,411.0,19,14,11,USA,True
177,2012,China,Cycling,Female,302.0,12,16,2,Brazil,False
178,2004,Japan,Cycling,Female,399.0,5,2,16,France,False
179,1992,France,Cycling,Female,180.0,20,4,7,USA,False
180,1996,Germany,Cycling,Male,309.0,4,20,2,China,False
181,2016,India,Shooting,Female,443.0,20,10,4,Brazil,False
182,1992,India,Shooting,Female,408.0,8,18,1,UK,False
183,2020,China,Wrestling,Female,232.0,1,1,11,Australia,False
184,2004,China,Swimming,Female,237.0,18,17,1,Brazil,False
185,2024,UK,Boxing,Female,257.0,4,1,14,USA,False
186,2008,China,Gymnastics,Male,127.0,14,14,16,Japan,False
187,2024,Russia,Boxing,Female,470.0,9,12,13,Australia,False
188,2008,Canada,Athletics,Female,34.0,10,3,17,France,False
189,2012,Germany,Wrestling,Male,171.0,2,18,4,UK,False
190,2004,Australia,Gymnastics,Male,159.0,17,12,20,Australia,True
191,2008,Russia,Swimming,Female,261.0,11,0,11,UK,False
192,1996,UK,Boxing,Female,99.0,7,4,4,USA,False
193,2004,China,Athletics,Female,449.0,19,4,19,Brazil,False
194,1996,Russia,Gymnastics,Male,370.0,14,1,13,UK,False
195,2000,India,Wrestling,Female,120.0,17,7,9,Australia,False
196,2016,UK,Boxing,Female,237.0,9,12,16,Japan,False
197,2012,Russia,Cycling,Male,447.0,8,1,20,Brazil,False
198,2008,France,Swimming,Male,146.0,2,5,8,Brazil,False
199,2020,Russia,Rowing,,485.0,7,14,11,USA,False
200,2012,USA,Rowing,Female,121.0,12,2,11,China,False
201,1988,Japan,Swimming,Female,406.0,4,4,1,UK,False
202,2016,Russia,Shooting,Female,316.0,0,2,0,UK,False
203,2000,Russia,Rowing,Male,398.0,9,7,9,USA,False
204,1988,UK,Rowing,Female,33.0,3,15,19,Japan,False
205,1988,France,Cycling,Male,150.0,13,0,19,UK,False
206,2000,Canada,Rowing,Male,341.0,2,16,11,USA,False
207,2020,France,Athletics,Female,448.0,15,1,20,Brazil,False
208,2008,Germany,Athletics,Female,404.0,2,11,7,France,False
209,1992,Canada,Boxing,Male,23.0,11,17,10,Australia,False
210,1996,India,Shooting,Male,416.0,4,2,14,USA,False
211,2004,UK,Athletics,Male,454.0,1,10,9,Japan,False
212,2012,France,Shooting,Female,19.0,20,6,9,UK,False
213,1988,Japan,Wrestling,Male,410.0,11,13,12,France,False
214,2016,Australia,Boxing,Male,255.0,15,11,16,UK,False
215,1992,Australia,Swimming,Female,309.0,5,17,9,UK,False
216,1992,China,Boxing,Female,157.0,14,19,13,China,True
217,2016,Japan,Shooting,Male,373.0,11,19,13,UK,False
218,1988,China,Rowing,Female,263.0,5,0,4,Australia,False
219,2024,India,Athletics,Male,35.0,7,20,11,UK,False
220,2012,Canada,Athletics,Male,348.0,14,11,11,Brazil,False
221,1992,Canada,Gymnastics,Female,204.0,10,20,8,China,False
222,1992,USA,Gymnastics,Female,266.0,12,17,3,UK,False
223,2004,India,Cycling,Female,356.0,15,6,3,China,False
224,1992,India,Gymnastics,Female,45.0,10,11,2,Japan,False
225,2020,Germany,Wrestling,Male,365.0,20,5,11,Japan,False
226,2000,China,Cycling,Male,122.0,15,0,11,Japan,False
227,2024,Japan,Shooting,Male,314.0,2,2,9,Brazil,False
228,2016,France,Rowing,Female,422.0,18,2,4,UK,False
229,1992,India,Shooting,Female,66.0,17,20,18,China,False
230,1996,Australia,Athletics,Male,266.0,4,9,5,China,False
231,2008,UK,Boxing,Female,434.0,2,8,6,France,False
232,2020,Germany,Gymnastics,Female,315.0,17,2,16,France,False
233,1996,Canada,Gymnastics,Male,338.0,19,19,10,Australia,False
234,2024,USA,Athletics,Male,24.0,20,18,8,France,False
235,2000,Canada,Rowing,Male,255.0,20,17,9,France,False
236,2004,India,Cycling,Female,153.0,14,2,1,China,False
237,2016,Australia,Shooting,Female,105.0,10,19,4,UK,False
238,2008,Japan,Rowing,Male,390.0,11,16,17,USA,False
239,2008,,Shooting,Male,137.0,14,7,4,USA,False
240,1988,Germany,Rowing,Female,128.0,5,10,18,France,False
241,2008,UK,Gymnastics,Female,264.0,14,15,9,Brazil,False
242,1988,China,Rowing,Female,495.0,7,6,18,UK,False
243,1988,USA,Wrestling,Female,306.0,20,15,9,Japan,False
244,1988,China,Rowing,Male,452.0,8,11,12,UK,False
245,1988,Australia,Athletics,Male,186.0,17,9,2,Brazil,False
246,2020,India,Wrestling,Male,66.0,3,12,11,Australia,False
247,2008,France,Boxing,Male,102.0,19,16,12,Japan,False
248,1988,USA,Athletics,Male,366.0,10,15,16,Brazil,False
249,1996,Canada,Gymnastics,Female,477.0,19,10,5,Brazil,False
250,2024,Germany,Boxing,Female,363.0,18,9,15,Australia,False
251,1988,Japan,Boxing,Male,214.0,18,9,20,USA,False
252,2024,India,Wrestling,Male,370.0,1,18,15,China,False
253,2020,Canada,Rowing,Male,421.0,7,1,18,France,False
254,1992,UK,Athletics,Female,161.0,13,4,13,France,False
255,2000,Australia,Shooting,Male,362.0,4,16,6,Japan,False
256,2008,India,Rowing,Female,490.0,5,14,17,UK,False
257,2020,Japan,Wrestling,Female,99.0,7,8,17,UK,False
258,2000,Germany,Wrestling,Male,354.0,15,10,15,UK,False
259,2020,Germany,Wrestling,Male,294.0,17,12,12,Australia,False
260,2008,Russia,Wrestling,Male,148.0,2,11,14,France,False
261,2004,India,Cycling,Male,424.0,17,8,17,France,False
262,2004,Russia,Swimming,Male,125.0,1,16,7,France,False
263,2000,USA,Swimming,Female,170.0,15,3,4,USA,True
264,2020,Russia,Rowing,Female,245.0,20,6,9,UK,False
265,2004,USA,Swimming,Male,274.0,1,5,13,Australia,False
266,1996,USA,,Female,96.0,9,1,0,UK,False
267,2024,Canada,Swimming,Female,146.0,14,20,17,Japan,False
268,2016,Russia,Shooting,Female,99.0,3,10,5,France,False
269,2016,Germany,Gymnastics,Male,378.0,10,9,18,France,False
270,2000,Russia,Rowing,Female,264.0,10,2,12,France,False
271,1992,Russia,Gymnastics,Female,166.0,7,0,8,Brazil,False
272,2000,India,Wrestling,Female,155.0,18,18,0,UK,False
273,2008,UK,Athletics,Male,239.0,9,5,12,France,False
274,2020,Germany,Swimming,Female,189.0,19,7,7,China,False
275,2016,Russia,Shooting,Female,213.0,17,15,17,Australia,False
276,2000,UK,Swimming,Female,271.0,11,2,18,USA,False
277,1988,France,Cycling,Male,85.0,10,16,14,USA,False
278,2000,Canada,Shooting,Male,461.0,16,14,1,Brazil,False
279,1996,France,Rowing,Female,289.0,1,17,14,France,True
280,2004,USA,Rowing,Female,419.0,0,6,18,USA,True
281,1988,Australia,Boxing,Male,278.0,1,2,15,USA,False
282,2004,Australia,Gymnastics,Male,393.0,20,20,13,UK,False
283,2012,India,Rowing,Female,42.0,17,4,20,Australia,False
284,2008,China,Gymnastics,Female,271.0,4,7,0,Australia,False
285,1988,Germany,Shooting,Female,273.0,12,7,7,Brazil,False
286,2008,Russia,Wrestling,Male,480.0,3,1,13,Japan,False
287,1988,UK,Cycling,Male,52.0,19,1,14,Japan,False
288,1988,UK,Athletics,Female,225.0,7,17,6,Australia,False
289,1988,Russia,Wrestling,Male,418.0,18,10,18,Japan,False
290,2008,UK,Wrestling,Male,339.0,16,7,13,UK,True
291,2004,USA,Gymnastics,Female,285.0,15,1,11,France,False
292,2012,France,Boxing,Female,210.0,4,9,12,China,False
293,2020,India,Cycling,Male,154.0,4,14,1,Japan,False
294,2012,Australia,Gymnastics,Female,125.0,8,6,10,France,False
295,1992,India,Boxing,Male,275.0,6,1,8,Brazil,False
296,2024,Canada,Athletics,Male,97.0,18,17,6,Brazil,False
297,2000,Japan,Wrestling,Male,109.0,6,3,15,China,False
298,2024,UK,Rowing,Male,283.0,10,9,12,Brazil,False
299,2020,Japan,Wrestling,Female,185.0,16,15,14,USA,False
300,2016,Japan,Cycling,Female,161.0,13,1,18,Australia,False
301,2000,Russia,Athletics,Female,284.0,18,18,13,UK,False
302,1996,UK,Boxing,Male,195.0,18,7,15,Japan,False
303,2008,Germany,Shooting,Female,236.0,5,11,5,China,False
304,2020,India,Gymnastics,Male,269.0,1,2,1,Australia,False
305,1988,Australia,Gymnastics,Male,35.0,4,0,6,Japan,False
306,2016,Japan,Athletics,Female,338.0,15,0,0,Japan,True
307,2020,Australia,Athletics,Male,272.0,8,17,9,USA,False
308,2020,Australia,Gymnastics,Male,471.0,3,16,4,China,False
309,2000,Canada,Wrestling,Female,137.0,12,2,11,Brazil,False
310,2016,Canada,Cycling,Male,154.0,2,20,20,Australia,False
311,1988,China,Rowing,Female,,17,15,1,France,False
312,1988,Russia,Swimming,Female,433.0,13,20,10,Japan,False
313,1992,France,Athletics,Male,109.0,18,15,8,USA,False
314,1992,Germany,Athletics,Male,476.0,10,0,6,Japan,False
315,1996,Australia,Swimming,Female,84.0,18,7,18,Australia,True
316,2012,France,Boxing,Female,387.0,4,2,16,France,True
317,2008,USA,Swimming,Female,119.0,2,10,19,Australia,False
318,2024,Canada,Rowing,Female,16.0,20,8,14,Brazil,False
319,2000,Japan,Rowing,Female,96.0,18,12,2,Australia,False
320,2024,Germany,Cycling,Male,43.0,8,4,12,France,False
321,1996,Australia,Boxing,Female,55.0,2,0,9,Brazil,False
322,2008,Germany,Swimming,Male,45.0,5,13,14,Japan,False
323,2020,France,Rowing,Male,14.0,2,11,17,USA,False
324,2024,Canada,Boxing,Female,7.0,9,13,12,Australia,False
325,1992,France,Cycling,Male,351.0,12,5,4,UK,False
326,2004,Germany,Shooting,Male,33.0,5,13,8,Brazil,False
327,2004,India,Swimming,Female,129.0,7,20,15,Japan,False
328,2024,UK,Shooting,Male,70.0,9,0,12,UK,True
329,2024,Australia,Boxing,Female,172.0,13,20,19,China,False
330,2004,Japan,Cycling,Female,161.0,5,12,10,UK,False
331,2016,Canada,Cycling,Female,193.0,8,12,11,USA,False
332,2024,UK,Gymnastics,Male,488.0,14,6,14,Australia,False
333,2004,China,Rowing,Female,72.0,20,9,7,UK,False
334,1996,Australia,Rowing,Male,230.0,19,15,18,Brazil,False
335,2020,France,Rowing,Male,405.0,11,17,19,France,True
336,1992,China,Cycling,Female,86.0,20,19,1,Japan,False
337,2012,Japan,Rowing,Male,6.0,3,8,7,Japan,True
338,2020,France,Cycling,Female,192.0,12,14,18,France,True
339,2020,Russia,Boxing,Male,248.0,3,9,13,USA,False
340,1992,Russia,Boxing,Female,176.0,14,6,16,Brazil,False
341,2008,India,Swimming,Female,370.0,14,10,2,UK,False
342,1988,China,Athletics,Female,332.0,3,5,7,Japan,False
343,1996,France,Gymnastics,Female,287.0,13,14,7,Australia,False
344,2012,Russia,Gymnastics,Female,203.0,0,19,6,Brazil,False
345,2024,Australia,Rowing,Male,361.0,6,6,8,Australia,True
346,1992,Canada,Swimming,Male,188.0,10,6,14,USA,False
347,2004,India,Boxing,Female,313.0,12,18,3,UK,False
348,2008,India,Gymnastics,Female,471.0,19,18,2,France,False
349,1996,Japan,Swimming,Male,,3,5,11,France,False
350,1996,France,Rowing,Female,306.0,4,18,12,Brazil,False
351,1996,India,Gymnastics,Male,251.0,9,4,5,UK,False
352,2016,Canada,Athletics,Female,488.0,0,15,4,China,False
353,2012,France,Shooting,Female,351.0,15,13,14,Brazil,False
354,1996,China,Athletics,Male,150.0,1,8,7,Japan,False
355,2004,Russia,Shooting,Female,282.0,16,3,18,USA,False
356,2004,France,Boxing,Male,390.0,14,17,6,Brazil,False
357,1992,UK,Wrestling,Male,231.0,8,11,2,Brazil,False
358,1992,UK,Cycling,Female,441.0,19,20,13,China,False
359,2024,Russia,Cycling,Male,413.0,1,18,11,Japan,False
360,2004,Canada,Gymnastics,Female,361.0,9,9,18,UK,False
361,2020,China,Gymnastics,Female,471.0,1,8,20,China,True
362,1996,UK,Gymnastics,Female,425.0,7,12,15,China,False
363,2024,Germany,Rowing,Female,232.0,2,20,2,Brazil,False
364,2020,Germany,Boxing,Female,487.0,15,10,18,USA,False
365,1992,India,Boxing,Male,408.0,17,12,6,Brazil,False
366,2000,India,Wrestling,Female,425.0,9,10,17,Japan,False
367,1996,Canada,Shooting,Female,458.0,1,1,3,France,False
368,2016,USA,Swimming,Male,226.0,14,0,13,China,False
369,1996,Germany,Gymnastics,Female,48.0,20,11,8,USA,False
370,2008,Russia,Athletics,Female,321.0,9,7,13,France,False
371,1992,China,Athletics,Male,245.0,2,4,18,China,True
372,2020,India,,Male,357.0,10,3,13,France,False
373,1996,India,Swimming,Male,197.0,2,3,3,UK,False
374,2008,Germany,Gymnastics,Female,397.0,4,20,4,USA,False
375,2020,Canada,Athletics,Male,226.0,11,6,20,France,False
376,1996,Australia,Shooting,Male,45.0,3,4,3,Japan,False
377,2012,,Rowing,Female,406.0,4,7,8,France,False
378,1992,UK,Wrestling,Male,435.0,9,6,16,Japan,False
379,2020,UK,Rowing,Female,331.0,1,7,15,Brazil,False
380,1992,UK,Shooting,Male,271.0,0,11,10,China,False
381,2012,Canada,,Female,280.0,5,15,2,USA,False
382,2024,China,Athletics,Female,111.0,1,1,12,Japan,False
383,2004,France,Rowing,Female,360.0,12,2,20,Japan,False
384,2020,Canada,Gymnastics,Female,43.0,9,2,16,China,False
385,1996,France,Boxing,Female,301.0,20,20,20,USA,False
386,2004,Australia,Cycling,Male,126.0,2,13,3,Brazil,False
387,2024,Canada,Athletics,Female,342.0,5,3,0,France,False
388,1996,USA,Gymnastics,Female,488.0,11,16,16,Australia,False
389,2004,Russia,Boxing,Male,384.0,8,3,0,UK,False
390,2012,Germany,Swimming,Female,365.0,18,20,2,Brazil,False
391,2016,France,Boxing,Male,256.0,18,5,11,China,False
392,2004,China,Swimming,Male,380.0,16,0,1,Australia,False
393,1988,,Athletics,Female,187.0,12,4,5,Australia,False
394,1988,France,Rowing,Male,165.0,7,13,10,UK,False
395,1992,Canada,Boxing,Male,258.0,1,5,7,Australia,False
396,2020,USA,Rowing,Male,450.0,14,9,9,UK,False
397,1992,France,Shooting,Male,189.0,6,9,18,Australia,False
398,2004,Canada,Cycling,Female,189.0,18,15,6,France,False
399,2020,UK,Gymnastics,Male,478.0,13,0,7,Japan,False
400,2008,USA,Boxing,Male,389.0,12,9,3,China,False
401,2020,UK,Rowing,Female,493.0,1,4,8,USA,False
402,1988,UK,Rowing,Female,235.0,2,18,3,Japan,False
403,1996,Australia,Swimming,Male,223.0,4,7,9,UK,False
404,2008,Australia,Boxing,Female,232.0,8,7,2,China,False
405,1996,Canada,Swimming,Male,55.0,5,14,14,UK,False
406,2012,China,Boxing,Male,232.0,9,14,8,Australia,False
407,1992,China,Gymnastics,Female,424.0,19,1,6,Australia,False
408,2008,Russia,Swimming,Male,496.0,11,12,16,USA,False
409,2004,Germany,Gymnastics,Male,488.0,12,14,17,France,False
410,2020,UK,Swimming,Female,53.0,4,3,0,USA,False
411,2000,Russia,Cycling,Female,191.0,20,20,2,Japan,False
412,2024,Germany,Swimming,Male,34.0,6,20,14,Australia,False
413,1996,China,Boxing,Male,22.0,14,1,5,Japan,False
414,2012,Australia,Shooting,Male,196.0,13,5,11,China,False
415,1996,Germany,Wrestling,Female,453.0,4,1,19,Japan,False
416,2024,UK,Wrestling,Female,211.0,17,15,1,USA,False
417,2004,Australia,Gymnastics,Female,103.0,20,16,7,France,False
418,2020,USA,Rowing,Female,246.0,17,15,11,Japan,False
419,2020,Japan,Rowing,Female,93.0,0,10,19,China,False
420,1988,Germany,Athletics,Female,272.0,11,18,7,China,False
421,1992,UK,Cycling,Female,274.0,1,7,18,Australia,False
422,2012,Japan,Gymnastics,Male,122.0,18,10,11,Japan,True
423,1988,Japan,Gymnastics,Male,429.0,15,17,9,China,False
424,2016,USA,Swimming,Male,120.0,19,7,0,Japan,False
425,2016,USA,,Male,413.0,4,10,5,Australia,False
426,2008,USA,Athletics,Male,301.0,4,3,16,Australia,False
427,2008,China,Boxing,Female,301.0,3,10,9,UK,False
428,1996,Russia,Rowing,Female,333.0,10,5,17,France,False
429,2024,Japan,Cycling,Male,194.0,9,9,4,China,False
430,1988,Canada,Rowing,Male,94.0,19,10,19,China,False
431,2024,China,Shooting,Male,170.0,2,7,11,UK,False
432,1996,China,Boxing,Female,,8,6,7,France,False
433,1992,Japan,Wrestling,Male,369.0,0,1,12,Brazil,False
434,2012,Russia,Rowing,Female,452.0,12,11,17,Brazil,False
435,1992,India,Cycling,Male,232.0,2,1,9,USA,False
436,2008,Germany,Swimming,Male,176.0,5,12,5,France,False
437,1992,France,Swimming,Female,305.0,19,15,0,Brazil,False
438,1996,Canada,Rowing,Male,28.0,3,10,6,China,False
439,2012,France,Wrestling,Female,153.0,7,3,1,Brazil,False
440,2024,France,Shooting,Male,28.0,11,0,13,USA,False
441,2004,,Shooting,Male,50.0,0,6,5,France,False
442,2004,China,Shooting,Male,158.0,12,15,15,France,False
443,2004,China,Rowing,Male,190.0,12,11,5,Brazil,False
444,1988,Germany,Shooting,Female,135.0,7,8,18,USA,False
445,1996,China,Swimming,Female,414.0,17,13,18,China,True
446,2020,USA,Rowing,Female,495.0,17,15,18,China,False
447,2016,Germany,Swimming,Female,463.0,1,16,18,Japan,False
448,2024,Canada,Gymnastics,Male,487.0,14,5,5,China,False
449,2000,Russia,Athletics,Female,41.0,13,6,20,China,False
450,2024,Germany,Boxing,Male,45.0,12,17,12,Japan,False
451,2008,Germany,Shooting,Male,403.0,19,18,16,Australia,False
452,2012,China,Rowing,Male,76.0,18,18,18,Australia,False
453,1992,China,Swimming,,445.0,17,11,13,UK,False
454,2012,India,Shooting,,89.0,8,12,4,Japan,False
455,2024,Australia,Athletics,Female,456.0,10,7,1,France,False
456,2016,Germany,Boxing,Male,173.0,9,9,8,Australia,False
457,2016,China,Cycling,Male,154.0,14,10,8,France,False
458,2012,Canada,Swimming,Male,227.0,6,13,15,Australia,False
459,2020,Japan,Athletics,Male,34.0,9,16,12,China,False
460,2020,Canada,Athletics,Male,99.0,6,1,7,USA,False
461,2016,USA,Boxing,,141.0,11,14,16,Brazil,False
462,1992,USA,Cycling,Female,251.0,19,14,5,Australia,False
463,2016,Canada,Boxing,Female,84.0,8,2,9,USA,False
464,2012,USA,Gymnastics,Male,439.0,7,20,7,France,False
465,2000,Germany,Rowing,Male,443.0,0,15,4,France,False
466,1996,Canada,Athletics,Male,130.0,19,9,20,UK,False
467,2012,Australia,Boxing,Female,130.0,6,14,9,France,False
468,2020,Canada,Rowing,Male,4.0,16,11,17,France,False
469,2024,Canada,Wrestling,Female,351.0,3,15,2,UK,False
470,2004,Japan,Wrestling,Female,336.0,20,9,6,China,False
471,2020,UK,Athletics,Female,339.0,10,4,0,France,False
472,2016,Germany,Wrestling,Female,208.0,12,1,18,France,False
473,2024,UK,Boxing,Male,352.0,17,20,15,France,False
474,2008,France,Wrestling,Male,431.0,17,5,9,USA,False
475,2016,Russia,Wrestling,Male,485.0,10,20,2,China,False
476,2008,UK,Wrestling,Female,404.0,10,11,8,Japan,False
477,2004,India,Swimming,Female,28.0,20,18,18,Japan,False
478,1992,India,Cycling,Male,445.0,12,16,9,Brazil,False
479,1988,Russia,Gymnastics,Male,176.0,13,18,14,China,False
480,2008,Russia,Swimming,Female,171.0,20,5,10,France,False
481,1988,USA,Shooting,Female,108.0,5,18,5,Brazil,False
482,1992,Russia,Rowing,Female,207.0,13,15,12,USA,False
483,1988,France,Cycling,Female,487.0,0,10,16,China,False
484,1988,USA,Cycling,Male,356.0,11,9,4,USA,True
485,2012,France,Wrestling,Male,34.0,1,9,9,Brazil,False
486,2020,Canada,Boxing,Female,455.0,4,10,15,UK,False
487,2000,Russia,Rowing,Male,117.0,7,4,6,France,False
488,1988,Canada,Gymnastics,Male,188.0,20,1,12,France,False
489,2004,France,Athletics,Male,339.0,3,20,0,USA,False
490,1992,Australia,Shooting,Female,64.0,17,8,15,France,False
491,1996,UK,Athletics,Female,216.0,3,16,8,Japan,False
492,2024,Russia,Rowing,Male,262.0,19,3,9,USA,False
493,1992,India,Cycling,Male,399.0,8,16,6,UK,False
494,2012,Germany,Gymnastics,Male,281.0,15,6,15,UK,False
495,2000,USA,Athletics,Male,465.0,3,18,15,China,False
496,1992,France,Swimming,Male,464.0,8,20,7,Brazil,False
497,2004,Germany,Shooting,Male,52.0,5,1,9,UK,False
498,2008,Australia,Swimming,Male,436.0,1,0,4,France,False
499,1996,Japan,Boxing,Female,490.0,19,8,2,UK,False
500,2008,,Swimming,Female,205.0,14,8,12,France,False
501,2016,Australia,Gymnastics,Male,68.0,1,5,3,Brazil,False
502,2024,India,Shooting,Male,313.0,12,11,19,USA,False
503,1996,India,Shooting,Male,455.0,13,14,1,USA,False
504,2004,Japan,Athletics,Male,490.0,10,16,16,France,False
505,2024,China,Rowing,Male,247.0,11,20,12,China,True
506,2020,Canada,Athletics,Male,330.0,5,16,15,Australia,False
507,2016,Russia,Swimming,Female,165.0,7,10,8,USA,False
508,2020,UK,Rowing,Female,419.0,7,2,14,Brazil,False
509,2024,India,Swimming,Female,229.0,10,3,15,France,False
510,1988,China,Rowing,Female,19.0,17,17,0,Australia,False
511,1992,Canada,Wrestling,Male,336.0,14,10,11,Australia,False
512,1988,UK,Shooting,Female,287.0,19,19,15,France,False
513,2008,India,Swimming,Male,389.0,7,0,10,UK,False
514,2004,France,Boxing,Male,24.0,5,15,4,Australia,False
515,2012,China,Wrestling,Male,97.0,3,12,6,Brazil,False
516,2000,Japan,Swimming,Female,24.0,20,18,3,Australia,False
517,2016,India,Gymnastics,Female,3.0,16,1,17,Brazil,False
518,2024,India,Gymnastics,Male,375.0,4,3,12,France,False
519,2024,Canada,Boxing,Female,215.0,19,7,8,Brazil,False
520,2008,Germany,Shooting,Male,71.0,13,19,16,UK,False
521,2020,Japan,Cycling,Male,108.0,19,9,11,France,False
522,1996,Russia,Boxing,Male,390.0,11,17,15,Japan,False
523,2024,Australia,Wrestling,Female,414.0,0,16,3,USA,False
524,2012,Russia,Athletics,Male,,8,5,9,France,False
525,2004,Russia,Athletics,Female,105.0,17,1,11,Australia,False
526,2016,China,Cycling,Female,122.0,16,9,1,Brazil,False
527,2012,,Boxing,Male,7.0,8,6,19,Australia,True
528,2016,UK,Boxing,Male,398.0,6,9,14,China,False
529,1992,Russia,Gymnastics,Male,194.0,1,13,8,Japan,False
530,2004,Russia,Gymnastics,Female,3.0,10,14,4,USA,False
531,1996,Japan,Athletics,Female,252.0,18,17,11,USA,False
532,2008,France,Cycling,Male,267.0,2,16,5,Brazil,False
533,2020,France,Rowing,Male,179.0,7,6,10,UK,False
534,2008,Germany,Cycling,Female,288.0,20,0,3,France,False
535,2008,,Cycling,Male,491.0,1,10,12,Australia,False
536,1992,Australia,Wrestling,Female,13.0,16,11,16,Australia,True
537,2020,India,Shooting,Male,152.0,20,6,10,Japan,False
538,1992,China,Gymnastics,Male,321.0,2,6,20,Australia,False
539,2000,Australia,Swimming,Male,276.0,13,20,2,France,False
540,1996,USA,Shooting,Female,20.0,2,2,1,China,False
541,2004,France,Swimming,Male,467.0,8,13,12,Brazil,False
542,2012,Australia,Boxing,Male,200.0,3,17,0,France,False
543,2024,China,Athletics,Male,184.0,16,3,9,Australia,False
544,2004,Canada,Swimming,Female,392.0,14,12,12,Australia,False
545,1988,India,Gymnastics,Male,70.0,12,17,9,France,False
546,1996,Germany,Boxing,Male,284.0,17,4,3,USA,False
547,1988,Canada,,Male,157.0,6,11,6,Brazil,False
548,2020,Russia,Gymnastics,Male,114.0,19,8,6,USA,False
549,1996,Canada,Athletics,Female,331.0,17,2,9,France,False
550,1992,Germany,Swimming,Male,372.0,18,15,10,UK,False
551,1996,UK,Swimming,Female,318.0,2,6,10,Brazil,False
552,2016,Japan,Wrestling,Male,290.0,18,11,10,Brazil,False
553,1996,USA,Boxing,Male,403.0,7,20,13,UK,False
554,2008,Russia,Boxing,Female,237.0,14,11,9,Brazil,False
555,2020,China,Gymnastics,Male,431.0,8,4,17,China,True
556,2004,China,Swimming,Male,435.0,16,20,0,Australia,False
557,2024,Canada,Rowing,Male,465.0,1,17,8,Japan,False
558,2020,India,Gymnastics,Female,201.0,7,18,9,China,False
559,2016,France,,Female,187.0,16,0,7,Australia,False
560,2024,Russia,Gymnastics,Female,82.0,5,18,18,France,False
561,1996,India,Boxing,Male,113.0,15,7,2,UK,False
562,2008,UK,Athletics,Male,266.0,11,12,15,Brazil,False
563,1988,USA,,Male,361.0,16,20,8,Australia,False
564,2004,Canada,Gymnastics,Female,335.0,12,11,18,France,False
565,1992,France,Wrestling,Female,499.0,7,16,12,UK,False
566,2008,India,Shooting,Male,257.0,4,14,5,China,False
567,1992,France,,Male,77.0,5,5,11,Japan,False
568,1992,UK,Rowing,Female,369.0,3,15,15,Brazil,False
569,2000,Canada,Gymnastics,Female,12.0,7,1,4,Japan,False
570,2024,Russia,Gymnastics,Male,457.0,18,4,1,China,False
571,2004,Russia,Rowing,Male,450.0,9,2,6,Brazil,False
572,2024,India,Shooting,Male,113.0,13,19,4,Australia,False
573,2024,Russia,Wrestling,Male,371.0,10,14,19,Japan,False
574,1992,UK,Rowing,Female,68.0,3,0,6,Japan,False
575,2020,Australia,Gymnastics,Male,91.0,15,19,19,USA,False
576,2020,France,Swimming,Male,247.0,4,19,17,Australia,False
577,1988,Australia,Rowing,Female,448.0,1,16,13,China,False
578,2016,Australia,Boxing,Male,218.0,4,8,15,Australia,True
579,2000,China,Wrestling,Female,132.0,6,0,0,Japan,False
580,2020,China,Athletics,Female,336.0,6,10,13,UK,False
581,1992,Russia,Rowing,Female,134.0,17,13,18,UK,False
582,2024,Germany,Rowing,Male,212.0,17,17,15,China,False
583,2008,France,Shooting,Female,158.0,18,11,12,France,True
584,1996,China,,Female,401.0,5,3,6,Japan,False
585,2012,Japan,Athletics,Male,200.0,20,0,2,Australia,False
586,1996,India,Rowing,Male,33.0,8,7,11,USA,False
587,2024,USA,Rowing,Female,315.0,20,16,9,France,False
588,2024,USA,Gymnastics,Female,225.0,0,6,16,UK,False
589,2000,USA,Cycling,Male,346.0,1,11,7,France,False
590,1988,Russia,Swimming,,400.0,12,11,12,Brazil,False
591,2024,UK,Athletics,Male,471.0,2,17,9,France,False
592,2020,Canada,Boxing,Female,494.0,8,7,19,China,False
593,2016,Australia,Athletics,Female,90.0,13,16,3,Japan,False
594,1992,France,Wrestling,Female,485.0,3,16,8,Japan,False
595,2024,Germany,Shooting,Female,289.0,15,7,10,Australia,False
596,2016,India,Athletics,Female,60.0,8,2,12,France,False
597,2000,UK,Boxing,Female,490.0,11,16,17,USA,False
598,2004,UK,Wrestling,Male,205.0,10,2,17,China,False
599,2016,Japan,Boxing,Male,458.0,18,8,5,France,False
600,2000,India,Cycling,Male,377.0,7,8,6,China,False
601,2000,UK,Boxing,Male,399.0,3,3,2,France,False
602,2016,Canada,Athletics,Male,435.0,15,11,19,UK,False
603,2016,Canada,Wrestling,Female,94.0,16,8,12,China,False
604,2024,Russia,Athletics,Female,245.0,17,1,16,UK,False
605,2012,Russia,Shooting,Male,358.0,16,14,10,France,False
606,1988,USA,Cycling,Female,298.0,3,10,11,Japan,False
607,2004,Russia,Wrestling,Male,138.0,15,19,10,UK,False
608,1996,India,Rowing,Male,215.0,11,11,12,UK,False
609,2016,Russia,Gymnastics,Male,417.0,3,8,7,Japan,False
610,2012,Australia,Cycling,Male,410.0,4,15,0,China,False
611,2012,India,Gymnastics,Female,403.0,15,9,8,Japan,False
612,2024,USA,Rowing,Male,354.0,5,1,6,Australia,False
613,2004,India,Swimming,Female,382.0,10,8,11,UK,False
614,2020,France,Wrestling,Female,11.0,13,3,11,Australia,False
615,2024,UK,Gymnastics,Female,182.0,10,16,15,Australia,False
616,2016,China,Rowing,Female,238.0,20,4,5,France,False
617,2008,Australia,Rowing,Male,41.0,5,10,7,UK,False
618,2008,Germany,Wrestling,Female,139.0,14,11,18,Japan,False
619,2016,Australia,Gymnastics,Male,438.0,0,4,7,France,False
620,2004,China,Cycling,Male,204.0,3,3,2,Brazil,False
621,2020,,Athletics,Female,269.0,2,3,8,Japan,False
622,1996,China,Rowing,Female,118.0,7,9,14,France,False
623,1996,Russia,Gymnastics,Male,18.0,11,10,15,Brazil,False
624,2020,Germany,Shooting,Male,497.0,17,5,18,Japan,False
625,2016,Canada,Rowing,Female,466.0,11,15,17,China,False
626,1992,India,Wrestling,Female,212.0,8,4,9,USA,False
627,1988,France,Gymnastics,Female,147.0,15,17,0,France,True
628,2016,India,Wrestling,Male,393.0,13,9,19,China,False
629,1988,France,Boxing,Male,211.0,17,13,12,China,False
630,1996,Australia,Rowing,Male,135.0,2,13,20,China,False
631,2020,Canada,Wrestling,Female,333.0,17,8,13,China,False
632,1992,Russia,Gymnastics,Female,57.0,20,14,19,Brazil,False
633,2004,Canada,Shooting,Male,165.0,0,4,1,Japan,False
634,1988,Russia,Swimming,Female,138.0,4,14,0,China,False
635,1992,Russia,Athletics,Female,112.0,10,13,9,Australia,False
636,2016,Japan,Shooting,Male,170.0,2,4,1,UK,False
637,2012,China,Shooting,Male,99.0,8,12,0,USA,False
638,2000,Australia,Shooting,Male,378.0,1,6,14,France,False
639,1992,France,Cycling,Female,200.0,9,10,5,France,True
640,1988,France,Swimming,Female,247.0,20,9,6,UK,False
641,1988,UK,Swimming,Male,325.0,13,10,0,China,False
642,2004,Canada,Swimming,Female,405.0,7,0,1,Japan,False
643,2016,Canada,Gymnastics,Female,395.0,2,7,5,Brazil,False
644,1992,Canada,Boxing,Male,31.0,11,20,4,France,False
645,2020,China,Gymnastics,Female,120.0,10,17,20,Australia,False
646,2008,India,Cycling,Male,353.0,12,11,4,UK,False
647,1988,India,Shooting,Female,278.0,15,6,18,China,False
648,2020,Japan,Boxing,Female,141.0,19,17,5,USA,False
649,2020,Russia,Shooting,Female,420.0,8,17,11,Brazil,False
650,1988,France,Rowing,Male,453.0,0,19,11,Australia,False
651,2024,UK,Boxing,Male,338.0,17,12,6,Japan,False
652,2016,France,Gymnastics,,166.0,13,20,10,USA,False
653,1992,France,Swimming,Male,428.0,4,5,1,China,False
654,1992,India,Cycling,Male,17.0,18,20,12,France,False
655,2016,France,Wrestling,Male,,7,19,2,USA,False
656,2000,India,Swimming,Female,411.0,20,1,11,Japan,False
657,2012,Japan,Athletics,Female,271.0,1,2,9,USA,False
658,2000,France,Swimming,Male,372.0,7,17,12,China,False
659,2000,France,Cycling,Male,286.0,17,13,3,Australia,False
660,2024,Japan,Shooting,Female,453.0,3,5,5,Japan,True
661,2012,France,Boxing,Male,274.0,19,14,11,UK,False
662,2020,Japan,Boxing,Female,392.0,20,13,10,Japan,True
663,2000,Canada,Cycling,Female,393.0,17,8,11,Brazil,False
664,2016,Australia,Athletics,Male,146.0,19,0,16,China,False
665,2004,USA,Wrestling,,110.0,10,0,8,Japan,False
666,2020,France,Gymnastics,Male,20.0,14,11,4,China,False
667,2004,Japan,Cycling,Male,132.0,9,2,18,Brazil,False
668,2024,UK,Swimming,Female,406.0,15,5,15,Australia,False
669,2024,China,Wrestling,Male,375.0,18,12,2,Australia,False
670,1988,Japan,Boxing,Female,214.0,3,7,20,Australia,False
671,2024,USA,Rowing,Male,157.0,16,1,10,Japan,False
672,2024,Russia,Boxing,Male,79.0,1,12,14,Australia,False
673,2024,Canada,Swimming,Male,222.0,9,12,4,China,False
674,2008,China,Shooting,,281.0,12,8,2,Brazil,False
675,2020,Australia,Gymnastics,Male,247.0,17,6,15,Brazil,False
676,2024,UK,Cycling,Male,37.0,8,13,10,France,False
677,2024,China,Swimming,Female,217.0,11,11,6,UK,False
678,2008,Canada,Athletics,Female,87.0,11,19,14,Japan,False
679,1996,India,Athletics,Male,103.0,11,4,2,USA,False
680,1988,UK,Gymnastics,Female,8.0,10,3,9,Brazil,False
681,2016,USA,Boxing,Male,379.0,17,6,6,Japan,False
682,2020,Germany,Shooting,Male,356.0,0,12,18,France,False
683,2020,USA,Wrestling,Male,31.0,9,6,19,UK,False
684,1988,India,Athletics,Male,199.0,8,11,3,USA,False
685,2004,Australia,Cycling,Female,261.0,3,10,15,Australia,True
686,2024,France,Swimming,Male,102.0,16,14,17,France,True
687,1988,USA,Cycling,Female,171.0,15,12,5,USA,True
688,2008,Japan,Boxing,Female,121.0,16,8,1,France,False
689,2004,Australia,Athletics,Female,116.0,4,10,12,France,False
690,1996,China,Rowing,Male,214.0,7,18,4,Brazil,False
691,2004,Canada,Boxing,Female,278.0,4,6,20,China,False
692,2024,France,Cycling,Male,159.0,16,4,13,Australia,False
693,1996,Canada,Gymnastics,Female,35.0,17,17,3,China,False
694,2008,Russia,Athletics,Female,451.0,13,13,9,Brazil,False
695,2004,Russia,Cycling,Male,68.0,5,0,19,Japan,False
696,2004,Canada,Cycling,Male,119.0,0,11,2,France,False
697,2016,Russia,Shooting,Female,95.0,12,15,15,China,False
698,1996,UK,Cycling,Male,,0,8,13,China,False
699,2000,UK,Swimming,Male,475.0,14,19,15,France,False
700,2008,India,Cycling,Female,208.0,1,19,12,France,False
701,2008,Australia,Athletics,Male,232.0,14,1,7,Japan,False
702,2020,Australia,Athletics,Female,265.0,20,1,6,UK,False
703,2016,Australia,Wrestling,Female,,5,13,9,Japan,False
704,1988,France,Gymnastics,Female,425.0,20,14,2,France,True
705,2020,China,Gymnastics,Male,202.0,13,10,14,USA,False
706,1996,India,Cycling,Female,47.0,8,10,20,France,False
707,1996,China,Swimming,Male,362.0,14,20,11,USA,False
708,2020,Australia,Gymnastics,Female,282.0,12,1,5,UK,False
709,2024,Russia,Gymnastics,Male,92.0,1,13,9,UK,False
710,2016,Germany,Gymnastics,Male,,4,6,0,Japan,False
711,2004,USA,Shooting,Female,438.0,15,17,0,Japan,False
712,2016,UK,Cycling,Female,233.0,13,14,2,Japan,False
713,2024,USA,Cycling,Female,318.0,20,17,6,USA,True
714,1996,Russia,Athletics,Female,19.0,4,1,18,Australia,False
715,2024,Germany,Boxing,Male,26.0,3,13,5,China,False
716,2004,Canada,Gymnastics,Female,384.0,18,11,1,USA,False
717,2004,Japan,Boxing,Female,420.0,2,13,17,USA,False
718,2004,India,Gymnastics,Male,356.0,8,10,16,Brazil,False
719,2020,UK,Cycling,Male,56.0,18,20,16,USA,False
720,2016,Canada,Wrestling,Female,312.0,10,8,16,Japan,False
721,2024,Japan,Gymnastics,Female,267.0,20,15,15,Australia,False
722,1996,Canada,Cycling,Female,100.0,0,3,0,Brazil,False
723,1992,UK,Rowing,Female,24.0,10,11,17,Australia,False
724,2000,USA,Cycling,Female,131.0,2,9,9,Japan,False
725,2020,Japan,Athletics,Male,352.0,10,10,12,France,False
726,2024,Canada,Athletics,Male,100.0,10,10,15,Brazil,False
727,1988,Russia,Shooting,Male,322.0,14,17,10,Brazil,False
728,2012,USA,Wrestling,Female,285.0,17,0,6,Japan,False
729,2008,Japan,Swimming,Male,144.0,0,10,12,France,False
730,2020,Russia,Rowing,Male,305.0,3,9,10,France,False
731,1988,Germany,Rowing,Male,255.0,7,11,14,Australia,False
732,2004,UK,Wrestling,Male,58.0,11,1,6,USA,False
733,2016,France,Athletics,Female,464.0,16,4,6,UK,False
734,2016,France,Wrestling,Female,74.0,3,16,4,China,False
735,1988,India,Rowing,Male,3.0,9,1,19,Australia,False
736,1992,Japan,Shooting,Male,53.0,16,9,0,Japan,True
737,2004,UK,Boxing,Male,99.0,9,8,17,UK,True
738,2016,China,Wrestling,Male,81.0,8,3,0,Japan,False
739,2020,France,Swimming,Male,278.0,11,17,10,UK,False
740,1996,Germany,Cycling,Male,37.0,9,19,10,Japan,False
741,2016,USA,Gymnastics,Male,242.0,1,3,12,USA,True
742,1992,Australia,Rowing,Male,361.0,19,18,20,Australia,True
743,2016,Canada,Boxing,Female,171.0,6,17,2,Australia,False
744,2016,Canada,Gymnastics,Male,417.0,14,3,14,UK,False
745,2016,India,Cycling,Male,74.0,19,8,11,Brazil,False
746,1996,Japan,Boxing,Female,250.0,0,2,15,USA,False
747,2008,India,Shooting,Male,145.0,11,19,18,China,False
748,2020,China,Rowing,Male,167.0,17,20,2,Australia,False
749,2004,France,Shooting,Female,303.0,13,7,19,China,False
750,2020,Russia,Shooting,Female,34.0,10,6,18,Brazil,False
751,2012,Canada,Boxing,Male,89.0,2,18,15,USA,False
752,2024,Canada,Shooting,Female,285.0,3,14,5,UK,False
753,2012,China,Swimming,Female,168.0,15,20,1,USA,False
754,2000,Russia,Athletics,Male,339.0,4,14,17,UK,False
755,2012,Canada,Shooting,Male,106.0,10,9,18,Australia,False
756,2004,Australia,Boxing,Male,299.0,0,19,16,Brazil,False
757,1996,Germany,Athletics,Female,462.0,17,1,0,France,False
758,2020,Japan,Swimming,Female,444.0,0,7,13,France,False
759,2024,Australia,Boxing,Female,208.0,12,13,17,China,False
760,1996,India,Gymnastics,Male,285.0,12,11,13,China,False
761,2004,Russia,Gymnastics,Male,37.0,20,0,4,France,False
762,2016,Australia,Gymnastics,Male,71.0,20,13,14,Australia,True
763,2024,Australia,Gymnastics,Female,261.0,13,17,14,Brazil,False
764,2008,UK,Gymnastics,Female,310.0,0,18,15,Australia,False
765,2000,France,Wrestling,Female,475.0,17,18,11,USA,False
766,1988,Canada,Shooting,Female,58.0,18,15,2,China,False
767,2020,,Shooting,Male,268.0,19,2,7,Brazil,False
768,1992,France,Wrestling,Male,463.0,10,17,0,Brazil,False
769,2016,France,Shooting,Female,216.0,11,9,9,China,False
770,1988,Canada,Wrestling,Female,32.0,20,15,18,China,False
771,2024,USA,Wrestling,Male,147.0,15,2,4,Japan,False
772,1992,Germany,Wrestling,Male,316.0,8,8,8,USA,False
773,1992,Canada,Gymnastics,Male,338.0,14,11,5,UK,False
774,2000,India,Gymnastics,Male,176.0,2,4,19,Australia,False
775,1996,India,Rowing,Female,122.0,14,20,5,China,False
776,2024,Japan,Athletics,Female,387.0,3,1,5,Brazil,False
777,2012,India,Wrestling,Female,383.0,17,7,12,France,False
778,2012,India,Wrestling,Male,272.0,13,0,9,Australia,False
779,2016,Australia,Boxing,Male,50.0,17,20,11,Australia,True
780,2012,Canada,Wrestling,Female,139.0,8,3,8,France,False
781,2024,Australia,Shooting,Male,376.0,18,6,16,UK,False
782,1996,Japan,Athletics,Male,426.0,2,0,13,USA,False
783,2020,China,Shooting,Female,113.0,9,8,6,USA,False
784,1988,Canada,Swimming,Male,481.0,19,6,19,France,False
785,1992,China,Swimming,Male,193.0,20,18,5,USA,False
786,1996,Germany,Wrestling,Female,339.0,2,20,14,UK,False
787,2012,Japan,Wrestling,Male,400.0,2,8,1,Brazil,False
788,2012,Japan,Athletics,Female,490.0,8,5,14,USA,False
789,2016,UK,Rowing,Male,331.0,15,3,4,Japan,False
790,2012,UK,Swimming,Female,367.0,8,3,1,USA,False
791,1992,Canada,Wrestling,Female,10.0,15,4,20,France,False
792,1988,USA,Rowing,Female,78.0,10,12,18,USA,True
793,2020,India,Shooting,Female,207.0,2,17,7,USA,False
794,2012,India,Swimming,Female,171.0,9,12,1,France,False
795,1992,Japan,Boxing,Male,431.0,14,9,20,China,False
796,1996,France,Athletics,Female,339.0,6,9,12,USA,False
797,2008,India,Swimming,,377.0,6,4,1,China,False
798,1988,Canada,Cycling,Female,200.0,2,17,20,UK,False
799,2016,France,Shooting,Male,,10,1,10,Australia,False
800,1988,Australia,Swimming,Male,414.0,20,16,14,France,False
801,2020,Russia,Cycling,Male,19.0,4,15,20,USA,False
802,2016,Canada,Athletics,Male,360.0,20,4,0,China,False
803,1988,Germany,Swimming,Female,313.0,5,18,2,Australia,False
804,1992,China,Shooting,Male,33.0,6,13,10,Australia,False
805,2012,Japan,Swimming,Male,165.0,6,1,18,China,False
806,2008,China,Swimming,Female,73.0,13,5,11,Japan,False
807,1996,India,Cycling,Male,69.0,3,20,19,Brazil,False
808,1996,USA,Shooting,Male,4.0,0,5,2,France,False
809,2024,Germany,Rowing,Female,355.0,4,6,4,France,False
810,2004,France,Shooting,Female,123.0,5,19,1,Japan,False
811,1996,India,Swimming,Female,179.0,13,0,17,China,False
812,2000,China,Swimming,Female,442.0,17,16,7,Brazil,False
813,2000,Germany,Athletics,Male,58.0,4,15,15,China,False
814,1996,USA,Athletics,Female,146.0,6,13,8,UK,False
815,2024,India,Athletics,Male,380.0,1,17,5,China,False
816,1988,India,Swimming,Male,459.0,7,14,18,Japan,False
817,2008,Australia,,Female,118.0,3,10,7,USA,False
818,2000,Australia,Cycling,Female,457.0,7,2,15,Japan,False
819,2016,USA,Rowing,Male,111.0,19,14,5,Brazil,False
820,2008,Russia,Shooting,Male,324.0,11,8,6,UK,False
821,1996,USA,Athletics,Female,70.0,3,14,14,Brazil,False
822,1996,Japan,Cycling,Female,310.0,5,20,19,China,False
823,2024,France,Cycling,Male,211.0,16,15,6,Japan,False
824,2016,India,Wrestling,Male,374.0,13,7,7,UK,False
825,2012,Canada,Cycling,Male,468.0,18,0,13,USA,False
826,1988,India,Athletics,Female,,12,15,3,Brazil,False
827,2016,UK,Swimming,Male,355.0,13,6,4,UK,True
828,2004,UK,Swimming,Male,246.0,9,5,14,Australia,False
829,2024,Canada,Athletics,Female,238.0,4,12,5,Australia,False
830,2008,India,Athletics,Male,198.0,10,16,1,UK,False
831,2012,Germany,Cycling,Male,318.0,10,1,16,France,False
832,2008,USA,Swimming,Female,188.0,14,19,1,UK,False
833,2008,Russia,Swimming,Male,71.0,10,7,17,USA,False
834,2016,Canada,,Male,165.0,11,8,16,France,False
835,2012,Germany,Athletics,Male,191.0,11,14,15,Japan,False
836,2020,China,Shooting,Female,232.0,19,11,2,China,True
837,2016,China,Swimming,Female,460.0,5,9,2,USA,False
838,1996,Germany,Swimming,Male,255.0,4,6,16,France,False
839,1988,Germany,Rowing,Male,243.0,11,13,14,France,False
840,1988,Germany,Cycling,Male,12.0,7,16,20,UK,False
841,2012,Canada,Boxing,Female,249.0,18,16,17,Brazil,False
842,2016,Germany,Gymnastics,Female,88.0,8,7,15,UK,False
843,2004,USA,Gymnastics,Female,146.0,14,5,19,China,False
844,2020,Germany,Gymnastics,Male,430.0,4,5,7,USA,False
845,1988,Japan,Gymnastics,Female,134.0,11,5,6,Japan,True
846,1988,Japan,Boxing,Male,191.0,14,17,5,Japan,True
847,2004,China,Athletics,Female,477.0,15,4,14,UK,False
848,1996,USA,Boxing,Female,243.0,9,18,4,Australia,False
849,2024,India,,Male,375.0,15,1,4,France,False
850,2020,China,Wrestling,Male,206.0,19,7,14,UK,False
851,1992,Japan,Athletics,Male,299.0,16,7,8,China,False
852,1988,China,Shooting,Male,500.0,16,12,6,Brazil,False
853,2008,Canada,Athletics,Female,204.0,4,13,11,Brazil,False
854,2008,USA,Wrestling,Female,180.0,9,14,17,USA,True
855,2000,India,Rowing,Female,148.0,5,13,13,China,False
856,2024,Canada,Swimming,Male,107.0,9,15,16,UK,False
857,1992,Canada,Rowing,Male,4.0,13,20,8,Brazil,False
858,1996,France,Shooting,Male,103.0,5,12,9,Japan,False
859,2016,USA,Wrestling,Female,253.0,17,14,7,USA,True
860,1988,Russia,Wrestling,Female,490.0,20,20,15,USA,False
861,2004,Australia,Gymnastics,Female,465.0,20,7,0,USA,False
862,2004,India,Swimming,,298.0,15,18,13,Australia,False
863,2004,India,Swimming,Female,263.0,18,0,8,China,False
864,2024,USA,Gymnastics,Female,237.0,4,11,5,USA,True
865,2004,Japan,Rowing,Female,25.0,9,9,16,France,False
866,1992,France,Cycling,Male,392.0,3,19,5,Japan,False
867,2008,Japan,Wrestling,Female,351.0,11,3,17,Japan,True
868,2008,Russia,Athletics,Male,266.0,9,11,15,Brazil,False
869,2008,Russia,Swimming,Male,80.0,16,7,6,Australia,False
870,2020,Canada,Swimming,Female,236.0,2,3,4,USA,False
871,2016,Japan,Wrestling,Female,72.0,14,19,16,Australia,False
872,2008,Russia,Wrestling,Male,382.0,3,7,4,Australia,False
873,1996,UK,Wrestling,Male,108.0,4,2,13,France,False
874,1992,China,Athletics,Female,388.0,13,1,6,USA,False
875,1988,France,Athletics,Female,61.0,8,1,2,UK,False
876,1988,China,Swimming,Male,301.0,6,5,11,USA,False
877,1992,Russia,Wrestling,Female,181.0,5,16,19,China,False
878,2020,Canada,Swimming,Male,420.0,18,0,16,China,False
879,2000,Germany,Gymnastics,Male,499.0,3,6,16,Australia,False
880,2016,Japan,Gymnastics,Female,345.0,3,5,11,Brazil,False
881,2012,UK,Cycling,Female,58.0,10,3,14,USA,False
882,2020,Russia,Shooting,Female,361.0,9,17,1,USA,False
883,2008,India,Swimming,Female,146.0,14,19,9,France,False
884,2016,UK,Rowing,Female,438.0,13,6,2,Australia,False
885,2016,Japan,Gymnastics,Male,346.0,15,3,12,Brazil,False
886,2020,China,Swimming,Male,203.0,12,18,3,France,False
887,1996,China,Boxing,Male,174.0,6,19,12,USA,False
888,2000,,Shooting,Female,392.0,18,18,8,Australia,True
889,2012,Japan,Shooting,Female,249.0,16,8,4,Australia,False
890,2016,China,Swimming,Female,251.0,15,7,20,China,True
891,1988,China,Athletics,Male,256.0,0,5,12,Japan,False
892,2008,Russia,Wrestling,Male,390.0,2,16,15,Australia,False
893,2016,UK,Wrestling,Female,252.0,16,8,17,UK,True
894,2020,France,Athletics,Male,221.0,3,12,14,UK,False
895,2012,India,,Male,17.0,5,17,9,France,False
896,1996,India,Rowing,Male,160.0,12,15,3,Japan,False
897,2016,France,Shooting,Female,288.0,5,16,1,Brazil,False
898,2004,India,Rowing,Female,393.0,9,10,1,USA,False
899,2024,USA,Gymnastics,Female,179.0,18,0,20,UK,False
900,2012,China,Rowing,Female,183.0,13,11,1,France,False
901,2000,UK,Cycling,Female,304.0,2,2,9,USA,False
902,2008,Russia,Athletics,Female,20.0,14,13,18,Japan,False
903,2012,Germany,Athletics,Female,302.0,0,10,12,Japan,False
904,2012,Japan,Swimming,Female,52.0,6,10,15,Japan,True
905,2008,Russia,Wrestling,Female,497.0,13,6,15,France,False
906,1992,France,Cycling,Female,136.0,1,9,18,Brazil,False
907,2000,Canada,Swimming,Male,304.0,10,8,2,Japan,False
908,2020,India,Rowing,Male,178.0,2,20,9,Japan,False
909,2004,Australia,Boxing,Male,213.0,12,8,19,Japan,False
910,2016,France,Gymnastics,Male,322.0,16,5,18,Brazil,False
911,2000,India,Wrestling,Female,,18,20,1,Japan,False
912,2000,Japan,Shooting,Male,124.0,4,9,13,Brazil,False
913,2008,China,Cycling,Female,137.0,9,20,5,UK,False
914,2024,UK,Rowing,Male,59.0,4,6,0,China,False
915,2004,India,Shooting,Female,217.0,20,1,6,China,False
916,2004,Russia,Athletics,Female,405.0,8,17,5,France,False
917,1988,India,Athletics,Male,441.0,2,10,19,UK,False
918,1992,Australia,Boxing,Male,204.0,4,7,3,Japan,False
919,2020,China,Wrestling,Female,453.0,2,7,19,USA,False
920,2008,Japan,Rowing,Male,479.0,13,6,4,USA,False
921,1996,UK,Wrestling,Female,210.0,8,18,1,Brazil,False
922,2020,Japan,Swimming,Female,280.0,13,15,7,UK,False
923,1996,Japan,Shooting,Female,421.0,9,0,20,Japan,True
924,1988,USA,Cycling,Female,283.0,12,9,20,France,False
925,2008,China,Cycling,Female,199.0,0,12,8,UK,False
926,1992,UK,Wrestling,Male,441.0,5,14,20,UK,True
927,2012,USA,Wrestling,Male,422.0,15,15,13,Australia,False
928,2008,Australia,Swimming,Male,358.0,8,16,2,UK,False
929,2012,Canada,Boxing,Female,356.0,0,1,20,France,False
930,1996,India,Gymnastics,Male,206.0,6,20,9,UK,False
931,2024,China,Swimming,Male,128.0,16,20,4,Australia,False
932,2024,Australia,Boxing,Female,245.0,4,8,5,France,False
933,2024,Japan,Wrestling,Male,44.0,13,11,5,Brazil,False
934,2012,Canada,Cycling,Male,486.0,0,17,20,Japan,False
935,2000,China,Shooting,Male,135.0,5,1,12,Japan,False
936,2012,Canada,Wrestling,Male,46.0,11,5,18,USA,False
937,1988,France,Rowing,Female,424.0,15,3,7,France,True
938,2000,UK,Wrestling,Female,383.0,15,12,4,Brazil,False
939,2000,Canada,Cycling,Female,373.0,6,13,5,Brazil,False
940,1996,USA,Wrestling,Female,121.0,19,14,7,UK,False
941,2024,India,Swimming,Male,241.0,4,10,12,France,False
942,2000,Australia,Rowing,Female,38.0,3,17,1,USA,False
943,2008,UK,Shooting,Female,311.0,19,1,0,UK,True
944,2020,Canada,Rowing,,203.0,11,4,17,USA,False
945,2024,Russia,Wrestling,Male,258.0,15,10,14,China,False
946,1992,Japan,Rowing,Male,134.0,3,10,1,China,False
947,2016,Germany,Boxing,Female,,8,19,8,Japan,False
948,2008,Australia,,Female,378.0,15,4,17,Australia,True
949,2016,USA,Cycling,Male,28.0,7,5,1,Brazil,False
950,2004,Russia,Shooting,Female,60.0,15,1,14,UK,False
951,2020,India,Shooting,Female,58.0,4,3,11,USA,False
952,2000,Germany,Gymnastics,Male,384.0,16,8,18,France,False
953,2024,UK,Athletics,Male,214.0,2,7,15,France,False
954,1992,Japan,Athletics,Female,349.0,3,12,11,Japan,True
955,1992,Japan,Gymnastics,Male,42.0,14,15,14,France,False
956,2004,Canada,Athletics,Female,497.0,1,20,19,Brazil,False
957,2008,Canada,Gymnastics,Male,442.0,1,20,9,UK,False
958,1988,China,Rowing,Male,205.0,8,5,7,Australia,False
959,2012,China,Athletics,Male,84.0,12,12,9,France,False
960,1996,China,Wrestling,Female,411.0,13,9,19,China,True
961,2008,China,Boxing,Male,251.0,14,12,15,UK,False
962,2024,Canada,Rowing,Male,388.0,13,11,19,China,False
963,2012,Australia,Swimming,Male,263.0,10,14,7,France,False
964,1996,India,Swimming,Female,240.0,13,2,15,UK,False
965,1996,Russia,Wrestling,Male,268.0,13,9,18,USA,False
966,2020,China,Athletics,Male,262.0,13,13,3,Brazil,False
967,2024,Germany,Boxing,Female,300.0,2,16,0,USA,False
968,2016,Russia,Gymnastics,Female,24.0,2,13,9,UK,False
969,2024,,Shooting,Female,175.0,5,6,5,USA,False
970,2024,Germany,Swimming,Female,274.0,0,0,12,USA,False
971,1988,Russia,Shooting,Female,355.0,12,19,15,UK,False
972,2024,Canada,Boxing,Female,412.0,9,2,4,China,False
973,1988,UK,Swimming,Male,357.0,6,0,6,Brazil,False
974,1996,UK,Rowing,Male,45.0,9,14,4,Brazil,False
975,2012,USA,Swimming,,463.0,4,14,15,Brazil,False
976,1988,India,Cycling,Male,151.0,18,12,1,UK,False
977,1988,China,Rowing,Female,435.0,15,18,19,France,False
978,2020,Germany,Athletics,Female,205.0,15,16,18,France,False
979,2024,India,Cycling,Male,271.0,0,13,18,UK,False
980,2020,China,Wrestling,Female,456.0,15,3,15,Japan,False
981,2008,India,Rowing,Male,83.0,9,6,15,UK,False
982,2016,UK,Cycling,Female,472.0,19,14,4,UK,True
983,2012,Australia,Boxing,Female,410.0,5,19,6,UK,False
984,1992,India,Gymnastics,Male,103.0,5,19,15,USA,False
985,2012,India,Wrestling,Male,108.0,17,1,0,UK,False
986,2004,Japan,Gymnastics,Male,424.0,16,1,2,UK,False
987,2012,China,Cycling,Male,288.0,7,15,8,UK,False
988,2008,USA,Wrestling,Male,437.0,16,19,3,France,False
989,1988,India,Shooting,Male,500.0,3,19,19,Australia,False
990,1992,France,Athletics,Male,86.0,20,3,6,UK,False
991,1996,Germany,Shooting,Female,376.0,3,4,20,UK,False
992,2008,Russia,Swimming,Male,225.0,13,0,7,Australia,False
993,2016,Japan,Wrestling,Male,44.0,8,11,13,UK,False
994,2000,Russia,Rowing,Male,71.0,13,13,13,Brazil,False
995,2020,Japan,Athletics,Female,75.0,0,16,2,USA,False
996,2008,Japan,Rowing,Male,223.0,1,12,1,France,False
997,1996,Canada,Athletics,Female,,12,17,9,France,False
998,2008,Japan,Athletics,Female,461.0,16,19,4,France,False
999,2012,India,Cycling,Female,358.0,11,20,12,Australia,False
1000,2000,Germany,Swimming,Male,276.0,10,12,4,Japan,False
1001,2020,Germany,Cycling,Male,262.0,17,9,16,UK,False
1002,1996,USA,Athletics,Female,124.0,9,13,16,USA,True
1003,1988,Japan,Wrestling,Female,64.0,1,20,3,Brazil,False
1004,2004,Canada,Athletics,Female,174.0,7,18,18,France,False
1005,2020,Canada,Cycling,Female,154.0,9,18,4,France,False
1006,2012,France,Cycling,Male,168.0,16,18,6,Australia,False
1007,2008,India,Swimming,Male,365.0,13,13,2,USA,False
1008,1988,Australia,Gymnastics,Female,110.0,14,2,11,France,False
1009,2020,Australia,Rowing,Female,300.0,15,20,13,Brazil,False
1010,2016,Australia,Gymnastics,Male,259.0,4,15,14,China,False
1011,2020,France,Swimming,Male,234.0,15,1,5,Japan,False
1012,2008,China,Rowing,Male,62.0,11,18,9,USA,False
1013,2020,Russia,Swimming,Female,157.0,11,9,9,Brazil,False
1014,1988,Russia,Gymnastics,Female,25.0,9,9,6,China,False
1015,2016,USA,Swimming,Female,35.0,1,13,15,Japan,False
1016,2004,Canada,Shooting,Female,401.0,12,15,19,China,False
1017,1996,France,Shooting,Female,342.0,14,4,10,USA,False
1018,2024,Canada,Rowing,Female,120.0,12,10,17,USA,False
1019,2016,Germany,Swimming,Male,363.0,0,18,20,Australia,False
1020,2004,France,Swimming,Male,99.0,19,17,18,Australia,False
1021,1988,Canada,Cycling,Female,258.0,0,3,17,China,False
1022,1988,Germany,Cycling,Male,,18,14,2,Australia,False
1023,2020,Canada,Boxing,Female,302.0,1,15,0,UK,False
1024,2012,Russia,Rowing,Male,441.0,16,10,12,UK,False
1025,1992,China,Swimming,Male,147.0,4,5,8,Australia,False
1026,1992,Russia,Wrestling,Female,348.0,5,1,19,UK,False
1027,1996,USA,Athletics,Female,200.0,3,10,4,Brazil,False
1028,2008,Germany,,Male,27.0,6,7,19,Japan,False
1029,2000,India,Rowing,Male,138.0,1,10,14,Japan,False
1030,2012,China,Shooting,Male,209.0,20,7,0,UK,False
1031,2020,Canada,Swimming,Male,391.0,17,20,4,UK,False
1032,2024,Australia,Shooting,Male,434.0,20,16,6,Australia,True
1033,1996,Japan,Gymnastics,Male,276.0,13,17,14,USA,False
1034,1988,India,Wrestling,Male,1.0,1,15,8,Japan,False
1035,2004,Australia,Boxing,Male,300.0,16,9,1,China,False
1036,2020,Canada,Swimming,Female,46.0,12,3,4,France,False
1037,2020,Germany,Rowing,Male,313.0,16,10,10,France,False
1038,2004,India,Wrestling,Male,340.0,10,10,6,Brazil,False
1039,2024,Japan,Athletics,Male,331.0,0,19,15,USA,False
1040,1988,Russia,Rowing,Female,391.0,12,17,2,Australia,False
1041,1992,France,Athletics,Female,345.0,3,11,12,Australia,False
1042,2024,Japan,Rowing,Male,430.0,0,3,14,UK,False
1043,2000,India,Athletics,Male,381.0,0,8,11,China,False
1044,1992,Canada,Wrestling,Male,120.0,15,11,1,UK,False
1045,2016,Canada,Cycling,Male,101.0,20,12,3,Australia,False
1046,2004,Canada,Shooting,Male,283.0,6,18,19,Japan,False
1047,1996,China,Gymnastics,Male,66.0,8,18,7,Japan,False
1048,2004,UK,Athletics,Female,349.0,17,14,0,Brazil,False
1049,1988,Japan,Rowing,Female,141.0,3,16,14,Brazil,False
1050,2008,France,Athletics,Male,25.0,8,13,17,Brazil,False
1051,2008,USA,Rowing,Male,172.0,2,18,0,France,False
1052,2000,Australia,Swimming,Male,101.0,5,10,9,USA,False
1053,1992,,Shooting,Female,414.0,0,18,20,UK,False
1054,2004,UK,Swimming,Female,123.0,10,1,10,Japan,False
1055,2000,China,Shooting,Male,321.0,14,18,3,USA,False
1056,1988,USA,Rowing,Female,456.0,2,4,1,Australia,False
1057,2016,USA,Wrestling,Female,34.0,3,1,17,USA,True
1058,2004,Australia,Rowing,Male,317.0,13,7,19,Australia,True
1059,2024,USA,Shooting,Female,238.0,13,19,19,USA,True
1060,2008,USA,Shooting,Female,301.0,6,3,3,USA,True
1061,2024,China,Cycling,Male,327.0,16,8,11,Brazil,False
1062,2016,Canada,Shooting,Male,125.0,4,1,1,China,False
1063,2004,Canada,Rowing,Female,160.0,18,17,4,China,False
1064,2016,Germany,Boxing,Female,189.0,0,16,18,France,False
1065,1996,USA,Cycling,Male,217.0,11,6,6,France,False
1066,2000,China,Boxing,Male,342.0,15,14,19,France,False
1067,2008,Canada,Boxing,Female,215.0,10,5,3,Brazil,False
1068,1988,India,Cycling,Male,328.0,7,7,14,Japan,False
1069,2000,UK,Shooting,Female,414.0,12,6,12,China,False
1070,1988,Japan,Athletics,Male,184.0,0,17,3,China,False
1071,2004,India,Cycling,Female,23.0,0,6,6,UK,False
1072,1996,UK,Wrestling,Male,174.0,17,7,5,China,False
1073,1988,Russia,Wrestling,Male,11.0,4,12,20,Australia,False
1074,1992,Japan,Cycling,Female,234.0,7,11,11,France,False
1075,1996,France,Rowing,Male,61.0,4,4,6,China,False
1076,2020,Australia,Boxing,Female,307.0,13,20,7,USA,False
1077,2024,Canada,Cycling,Female,405.0,4,10,7,USA,False
1078,2004,Russia,Shooting,Male,373.0,2,15,19,USA,False
1079,1996,France,Rowing,Female,256.0,16,14,5,UK,False
1080,2008,France,Shooting,Female,243.0,8,18,12,France,True
1081,2024,USA,Cycling,Male,459.0,6,14,7,Brazil,False
1082,2000,Germany,Rowing,Female,293.0,5,11,8,Japan,False
1083,1992,Russia,Swimming,Female,228.0,16,11,7,Japan,False
1084,1988,India,Boxing,Female,231.0,14,13,13,UK,False
1085,2016,Japan,Wrestling,Female,13.0,5,14,7,UK,False
1086,1992,Japan,Swimming,Female,432.0,16,16,17,France,False
1087,1992,Germany,Cycling,Male,61.0,2,11,1,Japan,False
1088,2000,Japan,Cycling,Female,129.0,9,8,6,France,False
1089,2024,Russia,Wrestling,Male,395.0,9,9,11,Australia,False
1090,2012,Australia,Athletics,Female,335.0,16,4,12,China,False
1091,2000,UK,Shooting,Male,,18,17,14,France,False
1092,2016,Japan,Swimming,Female,434.0,6,13,13,China,False
1093,2016,India,Athletics,Female,72.0,18,4,9,France,False
1094,1988,India,Boxing,Female,116.0,13,13,12,Australia,False
1095,2020,Germany,Boxing,Male,291.0,1,4,4,UK,False
1096,2024,Canada,Rowing,Female,105.0,12,2,17,Brazil,False
1097,2000,India,Swimming,Female,292.0,14,20,9,USA,False
1098,1996,China,Gymnastics,Male,424.0,19,15,0,China,True
1099,2000,China,Rowing,Female,106.0,7,9,16,USA,False
1100,2016,USA,Boxing,Male,88.0,10,13,12,China,False
1101,1992,Russia,Rowing,Female,381.0,2,12,6,China,False
1102,2000,Germany,Rowing,Female,82.0,19,18,9,Japan,False
1103,2000,France,Shooting,Female,104.0,0,4,14,USA,False
1104,2012,Canada,Cycling,Female,467.0,18,15,14,Brazil,False
1105,2024,,Swimming,Female,331.0,14,11,9,Brazil,False
1106,2024,Russia,Rowing,Male,92.0,19,13,14,Brazil,False
1107,1996,Canada,Swimming,Female,358.0,1,7,5,UK,False
1108,2020,Germany,Swimming,Male,466.0,15,13,17,USA,False
1109,2008,China,Swimming,,210.0,14,5,8,China,True
1110,2020,USA,Shooting,Male,38.0,20,14,12,UK,False
1111,2012,UK,Rowing,Male,6.0,8,3,4,UK,True
1112,2016,India,Shooting,Male,43.0,17,7,14,China,False
1113,2016,Germany,Gymnastics,Male,430.0,0,19,3,China,False
1114,2004,China,Rowing,Male,40.0,0,8,4,Brazil,False
1115,2008,Russia,Cycling,Male,458.0,17,6,14,France,False
1116,1988,France,Swimming,Female,354.0,9,14,1,Japan,False
1117,1988,USA,Rowing,Male,476.0,7,11,7,China,False
1118,1992,USA,Rowing,Male,8.0,10,6,2,China,False
1119,1992,Russia,Gymnastics,Male,213.0,16,3,10,UK,False
1120,2020,UK,Cycling,Female,481.0,13,3,7,China,False
1121,1992,Japan,Boxing,Male,8.0,12,20,10,USA,False
1122,2012,UK,Shooting,Male,34.0,8,20,19,UK,True
1123,1988,China,Cycling,Female,155.0,19,15,3,France,False
1124,2020,Canada,Gymnastics,Female,492.0,3,19,10,France,False
1125,2012,Russia,Boxing,Male,326.0,10,15,2,UK,False
1126,1988,Canada,Shooting,Female,262.0,20,7,16,Japan,False
1127,1988,UK,Athletics,Male,159.0,7,13,7,Japan,False
1128,1992,USA,Gymnastics,Female,256.0,9,6,4,Brazil,False
1129,2000,USA,Cycling,Female,379.0,10,4,8,UK,False
1130,1988,France,Rowing,Female,385.0,0,7,10,UK,False
1131,2000,UK,Athletics,Male,411.0,7,19,12,Japan,False
1132,2008,Russia,Shooting,Male,34.0,15,2,6,USA,False
1133,1996,UK,Gymnastics,Male,89.0,18,17,6,China,False
1134,2020,China,Rowing,Female,160.0,5,6,7,Brazil,False
1135,1996,Canada,Cycling,Female,147.0,18,14,20,China,False
1136,2004,India,Swimming,Female,204.0,12,5,15,Brazil,False
1137,2012,France,Rowing,Male,420.0,15,0,12,Brazil,False
1138,1992,Germany,Gymnastics,Male,132.0,12,14,9,Brazil,False
1139,2004,Australia,Shooting,Male,171.0,4,15,6,China,False
1140,2000,USA,Athletics,Female,252.0,12,13,12,France,False
1141,2008,Australia,Shooting,Female,329.0,18,2,13,USA,False
1142,1992,Australia,Gymnastics,Male,391.0,13,8,11,Japan,False
1143,2016,Japan,Athletics,,475.0,13,7,7,Brazil,False
1144,1988,Japan,Athletics,Male,134.0,19,14,4,UK,False
1145,2000,Canada,Gymnastics,Male,60.0,2,20,12,Brazil,False
1146,2024,China,Cycling,Female,85.0,13,8,9,Japan,False
1147,2020,Australia,Wrestling,Female,386.0,2,3,20,Japan,False
1148,2008,Russia,Wrestling,Male,477.0,12,9,0,China,False
1149,2016,USA,Swimming,Male,397.0,13,16,13,France,False
1150,2004,Australia,Gymnastics,Male,,5,4,6,Brazil,False
1151,1996,France,Swimming,Female,291.0,6,5,6,USA,False
1152,1996,UK,Wrestling,Female,226.0,20,19,3,Australia,False
1153,1996,China,Wrestling,Male,194.0,3,8,2,UK,False
1154,1988,Canada,Cycling,Female,249.0,3,0,1,UK,False
1155,1988,Canada,Athletics,Male,109.0,16,0,12,Japan,False
1156,2020,Germany,Shooting,Female,388.0,10,19,13,UK,False
1157,2008,Japan,Boxing,Male,482.0,11,12,12,Japan,True
1158,1988,Japan,Boxing,Male,2.0,14,12,4,USA,False
1159,2024,China,Wrestling,Male,189.0,14,19,15,Japan,False
1160,2012,UK,Athletics,Female,9.0,20,11,1,Australia,False
1161,2008,India,Cycling,Female,205.0,19,2,11,Brazil,False
1162,2016,China,Rowing,Female,311.0,6,4,16,Japan,False
1163,2020,USA,Gymnastics,Female,408.0,2,9,17,Australia,False
1164,2016,Russia,Shooting,Male,247.0,17,7,7,China,False
1165,1996,China,Swimming,Female,367.0,0,5,10,Brazil,False
1166,2004,UK,Wrestling,Female,488.0,3,4,17,France,False
1167,2016,China,Boxing,Male,478.0,18,19,2,France,False
1168,2008,Australia,Rowing,Female,414.0,7,7,8,USA,False
1169,2004,China,Swimming,Male,175.0,18,6,3,Japan,False
1170,2008,,Boxing,Female,296.0,0,9,1,Japan,False
1171,2020,UK,Rowing,Female,,11,4,16,France,False
1172,2024,Canada,Cycling,Male,203.0,0,17,14,UK,False
1173,1996,Germany,Cycling,Female,349.0,14,4,19,UK,False
1174,1996,USA,Boxing,Female,258.0,3,8,18,Brazil,False
1175,2000,,Wrestling,Female,31.0,10,4,6,Australia,False
1176,2000,USA,Gymnastics,Female,373.0,12,9,5,USA,True
1177,2020,Australia,Boxing,Female,348.0,15,11,12,Brazil,False
1178,1992,France,Wrestling,Female,357.0,6,17,12,USA,False
1179,1996,Japan,Athletics,Female,235.0,20,5,18,China,False
1180,2016,India,Wrestling,Male,108.0,6,6,20,USA,False
1181,2008,Canada,Swimming,Male,193.0,13,5,1,USA,False
1182,2008,India,Gymnastics,Male,61.0,16,20,10,Japan,False
1183,2012,Russia,Rowing,Male,18.0,3,7,12,Brazil,False
1184,2004,Canada,Gymnastics,Female,398.0,2,14,20,Brazil,False
1185,2004,India,Boxing,Male,62.0,3,2,3,Brazil,False
1186,2020,UK,Athletics,Female,141.0,3,18,5,Brazil,False
1187,2016,Australia,Wrestling,Male,51.0,10,2,17,China,False
1188,2012,USA,Rowing,Female,33.0,16,18,17,France,False
1189,1992,UK,Swimming,Male,442.0,19,5,0,Japan,False
1190,2016,Japan,Swimming,Male,66.0,18,6,20,China,False
1191,1992,France,Wrestling,Male,44.0,3,16,9,UK,False
1192,2020,Russia,Rowing,Male,128.0,9,1,16,Australia,False
1193,2004,France,Shooting,Male,296.0,15,10,16,UK,False
1194,2024,France,Cycling,Male,340.0,1,7,1,China,False
1195,1996,Germany,Cycling,Male,309.0,17,6,18,UK,False
1196,2004,Russia,Rowing,Male,282.0,8,8,12,France,False
1197,1996,Australia,Shooting,Male,484.0,8,13,4,Japan,False
1198,2000,China,Wrestling,Male,366.0,11,18,20,Australia,False
1199,2020,Canada,Gymnastics,Female,421.0,4,10,13,Brazil,False
1200,1988,Canada,Cycling,Male,139.0,3,17,3,France,False
1201,2020,Australia,Swimming,Female,328.0,2,11,10,Australia,True
1202,2004,Russia,Cycling,Female,6.0,3,12,7,Brazil,False
1203,1992,China,Gymnastics,Female,302.0,15,3,16,UK,False
1204,2024,Germany,Wrestling,Male,460.0,1,5,10,Australia,False
1205,2012,Russia,Boxing,,245.0,18,4,8,USA,False
1206,2020,Russia,Gymnastics,Male,194.0,18,8,1,France,False
1207,2008,UK,Rowing,Female,94.0,14,11,14,Japan,False
1208,2004,Germany,Rowing,Male,157.0,20,2,9,Brazil,False
1209,2008,China,Swimming,Male,374.0,7,2,5,Japan,False
1210,1988,China,Wrestling,Female,414.0,0,13,16,France,False
1211,1996,India,Shooting,Male,208.0,0,19,6,Australia,False
1212,1988,Australia,Boxing,Male,379.0,16,19,1,Japan,False
1213,2016,Russia,Cycling,Male,39.0,11,4,16,UK,False
1214,1988,Australia,Shooting,Female,88.0,11,3,10,France,False
1215,2000,France,Swimming,Female,154.0,15,9,8,China,False
1216,1988,Canada,Rowing,Male,473.0,9,20,16,Australia,False
1217,1988,India,Shooting,Male,183.0,0,19,14,UK,False
1218,2004,Japan,Swimming,Male,180.0,5,12,11,USA,False
1219,1992,Australia,Shooting,Male,44.0,16,16,4,Brazil,False
1220,1992,India,Athletics,,394.0,8,7,15,Brazil,False
1221,2008,Germany,Boxing,Female,457.0,5,17,8,USA,False
1222,2016,India,Gymnastics,Male,182.0,13,0,11,Australia,False
1223,2000,China,Cycling,Female,21.0,4,12,13,France,False
1224,2008,USA,Gymnastics,Male,486.0,15,8,3,Brazil,False
1225,2016,France,Shooting,Male,167.0,12,16,12,China,False
1226,1992,China,Athletics,Male,80.0,11,16,0,Australia,False
1227,2000,USA,Boxing,,500.0,19,0,13,Brazil,False
1228,2004,Germany,Shooting,Male,390.0,13,7,19,China,False
1229,2020,Russia,Cycling,Female,393.0,3,8,7,France,False
1230,2012,UK,Shooting,Male,359.0,16,19,5,China,False
1231,2024,Russia,Cycling,Male,68.0,12,1,8,China,False
1232,1996,Australia,Athletics,Male,47.0,1,12,13,Japan,False
1233,2004,UK,Cycling,Female,219.0,15,1,16,Brazil,False
1234,1988,Germany,Swimming,Female,187.0,8,11,13,China,False
1235,2008,USA,Gymnastics,Male,1.0,1,10,6,UK,False
1236,2016,Germany,Swimming,Female,95.0,8,15,11,UK,False
1237,2004,China,Swimming,Male,350.0,17,4,10,UK,False
1238,2008,Canada,Boxing,Male,333.0,8,6,18,Brazil,False
1239,1992,China,,Male,22.0,18,20,6,China,True
1240,2016,China,Swimming,Female,155.0,15,6,17,France,False
1241,1996,USA,Gymnastics,Male,215.0,17,8,17,UK,False
1242,2008,India,Swimming,Female,35.0,15,13,16,Japan,False
1243,1988,Russia,Wrestling,Male,149.0,1,18,1,Australia,False
1244,2000,Australia,Shooting,Male,85.0,14,16,12,Japan,False
1245,2012,Australia,Wrestling,Male,95.0,0,5,18,China,False
1246,2024,USA,Shooting,Female,156.0,7,9,8,Japan,False
1247,1992,Russia,Cycling,Male,274.0,7,9,1,France,False
1248,1996,Germany,Gymnastics,,448.0,1,20,7,Australia,False
1249,2000,France,Swimming,Male,333.0,11,20,19,UK,False
1250,2008,China,Wrestling,Male,210.0,19,9,10,USA,False
1251,1988,Japan,Cycling,Female,91.0,8,0,17,France,False
1252,2024,China,Rowing,Female,446.0,20,20,19,Japan,False
1253,2000,India,Cycling,,138.0,6,18,20,Australia,False
1254,2012,Russia,Shooting,Male,374.0,13,11,4,Brazil,False
1255,1992,India,Gymnastics,Female,95.0,5,6,18,Brazil,False
1256,1996,Germany,Athletics,Female,84.0,5,12,19,China,False
1257,1992,Russia,Swimming,Female,126.0,14,20,12,USA,False
1258,2020,Russia,Athletics,Male,194.0,12,0,3,Australia,False
1259,1988,USA,Gymnastics,Male,395.0,2,8,4,France,False
1260,2024,USA,Athletics,Male,278.0,10,2,6,China,False
1261,2016,,Shooting,Male,158.0,10,15,4,China,False
1262,1988,France,Wrestling,Male,11.0,1,3,17,UK,False
1263,1992,France,Rowing,Male,1.0,7,0,7,Brazil,False
1264,2012,Russia,Boxing,Female,116.0,12,3,15,China,False
1265,1992,UK,Swimming,Female,183.0,2,19,10,USA,False
1266,2008,China,Athletics,Male,92.0,13,16,10,Japan,False
1267,1996,Australia,Gymnastics,Female,320.0,9,11,3,UK,False
1268,2016,Japan,Wrestling,Male,404.0,0,4,20,China,False
1269,2008,Russia,Rowing,Female,370.0,15,2,3,Japan,False
1270,2012,Germany,Gymnastics,Male,166.0,4,5,12,UK,False
1271,2008,India,Rowing,Female,356.0,13,19,20,UK,False
1272,1996,UK,Rowing,Female,282.0,15,17,17,Brazil,False
1273,2020,France,Cycling,Female,43.0,18,13,16,Japan,False
1274,2000,China,Cycling,Female,2.0,6,0,11,Japan,False
1275,2016,Russia,Swimming,Male,467.0,11,11,4,UK,False
1276,2016,Russia,Rowing,Male,108.0,7,1,4,USA,False
1277,1996,Australia,Athletics,Female,191.0,1,3,18,USA,False
1278,2016,Canada,Gymnastics,Male,76.0,11,4,2,China,False
1279,1992,USA,Rowing,Male,392.0,5,15,4,France,False
1280,2020,Germany,Shooting,Female,370.0,10,14,20,France,False
1281,1988,Germany,Swimming,Male,31.0,20,1,19,Australia,False
1282,1996,France,Gymnastics,Male,203.0,13,14,17,France,True
1283,2004,Canada,Wrestling,Male,217.0,5,8,2,Japan,False
1284,2012,Russia,Cycling,Female,317.0,1,7,12,China,False
1285,2020,Canada,Swimming,Female,245.0,10,20,20,Brazil,False
1286,2012,Russia,Athletics,Female,332.0,13,6,8,USA,False
1287,1992,China,Boxing,Female,15.0,7,9,5,Japan,False
1288,1992,China,Cycling,Male,388.0,9,6,17,China,True
1289,1988,UK,Wrestling,Male,292.0,18,1,18,Australia,False
1290,2016,USA,Athletics,Female,48.0,9,0,11,Australia,False
1291,2004,Australia,Cycling,Female,385.0,12,11,4,France,False
1292,1992,Japan,Rowing,Male,258.0,4,0,18,Australia,False
1293,2012,India,Athletics,Female,83.0,4,14,2,France,False
1294,1992,UK,Cycling,Male,,5,16,16,France,False
1295,2024,France,Boxing,Female,403.0,4,10,9,UK,False
1296,2024,Australia,Athletics,Female,123.0,6,19,19,USA,False
1297,1996,Canada,Shooting,Male,413.0,0,4,9,Japan,False
1298,1992,India,Swimming,Female,161.0,5,9,5,USA,False
1299,2004,Canada,Boxing,Female,46.0,2,5,14,UK,False
1300,2016,Germany,Shooting,Male,482.0,3,18,15,USA,False
1301,2008,Germany,Rowing,,439.0,19,4,14,UK,False
1302,2020,Canada,Boxing,Female,43.0,13,16,14,UK,False
1303,1988,Canada,Athletics,Male,359.0,17,0,4,Australia,False
1304,1992,Germany,Rowing,Male,292.0,12,2,7,Brazil,False
1305,2016,China,Boxing,Female,240.0,20,17,14,USA,False
1306,1992,Russia,Swimming,Female,394.0,13,6,12,UK,False
1307,1992,Japan,Boxing,Female,109.0,15,3,8,Brazil,False
1308,1988,France,Gymnastics,Female,75.0,20,6,10,Japan,False
1309,1988,Canada,Rowing,Male,480.0,11,13,15,China,False
1310,1988,UK,Athletics,Female,139.0,8,20,5,USA,False
1311,1996,China,Wrestling,Female,42.0,9,14,13,Japan,False
1312,2000,Germany,Gymnastics,Male,48.0,13,10,9,China,False
1313,2000,Japan,Rowing,Female,244.0,17,5,13,UK,False
1314,2024,Australia,Athletics,Male,40.0,18,19,4,UK,False
1315,2008,USA,Gymnastics,Female,479.0,4,15,10,USA,True
1316,2012,Germany,Athletics,Female,483.0,4,20,14,France,False
1317,2024,China,Athletics,Male,382.0,6,13,17,Australia,False
1318,1996,Canada,Rowing,Male,179.0,6,6,18,USA,False
1319,2008,Japan,Athletics,Female,460.0,9,16,3,France,False
1320,2016,India,Rowing,Female,181.0,11,17,13,Japan,False
1321,2008,China,Gymnastics,Female,220.0,11,5,17,Japan,False
1322,1996,France,Rowing,Female,146.0,13,20,9,France,True
1323,2024,China,Swimming,Male,46.0,20,0,19,Brazil,False
1324,1992,India,Swimming,Female,258.0,18,1,9,Australia,False
1325,2012,UK,Cycling,Female,283.0,12,3,6,Australia,False
1326,2016,China,Boxing,Female,212.0,20,12,0,UK,False
1327,2000,France,Wrestling,Female,451.0,8,9,13,France,True
1328,2000,USA,Rowing,Male,8.0,0,4,11,Australia,False
1329,2020,Canada,Boxing,Female,88.0,18,13,7,Japan,False
1330,2012,UK,Rowing,Male,411.0,18,13,4,France,False
1331,2012,Russia,Rowing,Female,265.0,5,13,7,USA,False
1332,1996,France,Swimming,Female,432.0,20,8,17,China,False
1333,2008,UK,Swimming,Male,14.0,13,0,20,Australia,False
1334,2024,Russia,Athletics,Male,293.0,12,0,4,Brazil,False
1335,2008,Russia,Cycling,Male,153.0,6,17,7,France,False
1336,2012,Germany,Athletics,Female,43.0,4,20,0,France,False
1337,2024,China,Swimming,Female,475.0,19,3,3,China,True
1338,2004,,Gymnastics,Male,40.0,15,11,6,Brazil,False
1339,1992,India,Athletics,Female,38.0,15,20,2,China,False
1340,2012,Australia,Boxing,Female,414.0,5,5,9,USA,False
1341,1996,Canada,Athletics,Male,500.0,10,11,15,Japan,False
1342,2024,France,Athletics,Male,268.0,8,3,6,Japan,False
1343,1988,France,Athletics,Male,111.0,11,3,6,USA,False
1344,2008,Russia,Cycling,Male,373.0,4,8,8,Brazil,False
1345,2000,China,Boxing,Female,240.0,15,13,16,Brazil,False
1346,2000,Germany,,Male,352.0,8,12,3,Japan,False
1347,2024,Germany,Gymnastics,Male,489.0,15,13,14,Brazil,False
1348,2024,Germany,Boxing,Male,311.0,12,13,6,Japan,False
1349,2008,Japan,Swimming,Female,86.0,1,16,8,Japan,True
1350,2012,Germany,Boxing,Female,16.0,3,5,10,Brazil,False
1351,1996,Japan,Cycling,Male,111.0,11,11,4,Australia,False
1352,2008,China,Athletics,Female,353.0,0,10,6,Brazil,False
1353,2024,Japan,Cycling,Male,198.0,9,19,6,Japan,True
1354,2000,China,Wrestling,Male,,20,13,13,UK,False
1355,2008,UK,Cycling,Male,411.0,15,15,1,UK,True
1356,2012,China,Swimming,Female,88.0,19,10,18,Brazil,False
1357,2000,Canada,Athletics,Female,10.0,20,18,0,Brazil,False
1358,2004,Russia,Rowing,Male,459.0,17,16,1,UK,False
1359,1988,China,Shooting,Male,425.0,13,9,8,UK,False
1360,2008,Australia,Swimming,Female,253.0,19,1,12,UK,False
1361,2016,India,Swimming,Female,481.0,19,3,0,China,False
1362,1988,USA,Gymnastics,Male,166.0,13,7,5,USA,True
1363,2000,Japan,Athletics,Male,133.0,1,3,1,UK,False
1364,1992,Germany,Boxing,Female,139.0,5,4,18,Brazil,False
1365,1992,Russia,Boxing,Male,386.0,18,13,20,Brazil,False
1366,1992,France,Cycling,Female,339.0,15,8,10,Australia,False
1367,2016,UK,Swimming,Female,393.0,9,2,11,Japan,False
1368,2000,UK,Swimming,Male,498.0,15,1,6,USA,False
1369,2000,India,Rowing,Male,250.0,3,10,6,Australia,False
1370,2024,France,Boxing,Female,363.0,14,20,4,Australia,False
1371,2020,China,Gymnastics,Male,470.0,11,12,14,Australia,False
1372,2024,France,Cycling,Female,97.0,2,8,13,China,False
1373,2004,Canada,Swimming,Male,237.0,3,3,7,USA,False
1374,2016,Russia,Wrestling,Male,244.0,16,14,11,UK,False
1375,1992,France,Swimming,Female,221.0,6,4,12,Japan,False
1376,2012,France,,Male,226.0,8,11,3,USA,False
1377,2012,Australia,Cycling,Female,97.0,12,5,19,UK,False
1378,2020,Canada,Shooting,Female,56.0,1,20,7,USA,False
1379,2000,China,Athletics,Male,,8,7,2,Japan,False
1380,1992,Germany,Cycling,Female,201.0,12,3,7,France,False
1381,2004,India,Cycling,Male,403.0,6,11,20,UK,False
1382,2024,Germany,Athletics,Male,95.0,16,19,15,France,False
1383,2004,UK,Gymnastics,Female,349.0,2,5,5,UK,True
1384,2016,Russia,Athletics,Female,220.0,10,0,5,UK,False
1385,1992,Russia,Athletics,Female,497.0,15,18,0,Brazil,False
1386,2000,India,Swimming,Male,420.0,0,18,9,Australia,False
1387,2000,France,Gymnastics,Male,397.0,3,3,9,Australia,False
1388,2008,India,Shooting,Female,280.0,8,15,8,UK,False
1389,2016,USA,,Female,364.0,10,16,19,Brazil,False
1390,1992,Germany,Athletics,Male,211.0,7,4,11,Brazil,False
1391,1988,UK,Rowing,Female,106.0,2,6,12,France,False
1392,1992,Germany,Shooting,Male,136.0,11,10,12,Japan,False
1393,2012,Germany,Wrestling,Male,22.0,18,16,10,Australia,False
1394,2024,China,Rowing,Female,291.0,11,9,3,USA,False
1395,2016,Russia,Shooting,Male,268.0,9,19,17,France,False
1396,1996,Germany,Shooting,Female,34.0,9,0,14,USA,False
1397,2000,Germany,Swimming,Male,251.0,9,0,13,UK,False
1398,1988,USA,Wrestling,Male,180.0,9,16,17,China,False
1399,1992,Germany,Gymnastics,Male,222.0,18,2,9,China,False
1400,1988,India,Boxing,Male,416.0,20,12,13,Brazil,False
1401,1992,Germany,Wrestling,Female,89.0,18,13,10,Australia,False
1402,2024,Russia,Cycling,Female,70.0,13,17,6,UK,False
1403,2004,China,Wrestling,Female,280.0,5,12,13,USA,False
1404,1996,France,Shooting,Female,258.0,11,14,11,Brazil,False
1405,2016,Australia,Rowing,Female,15.0,17,0,13,USA,False
1406,1996,Canada,Wrestling,Male,298.0,16,11,4,Japan,False
1407,2020,Canada,Wrestling,Male,387.0,12,4,12,France,False
1408,1988,India,Shooting,Male,44.0,1,8,20,USA,False
1409,2008,Canada,Swimming,Female,290.0,15,10,1,USA,False
1410,2024,France,Athletics,Male,265.0,4,17,15,China,False
1411,2000,Russia,,Female,369.0,0,15,19,France,False
1412,2000,China,Swimming,Male,79.0,19,3,16,USA,False
1413,2000,UK,Swimming,Female,13.0,16,14,12,USA,False
1414,1992,Germany,Rowing,Female,95.0,7,17,8,Australia,False
1415,2024,India,Swimming,Female,75.0,20,0,5,China,False
1416,2000,Russia,Cycling,Female,246.0,9,9,3,Japan,False
1417,2016,Japan,Wrestling,Female,198.0,3,14,13,Australia,False
1418,2012,Russia,Athletics,Female,235.0,3,18,12,USA,False
1419,2024,Germany,Athletics,Female,22.0,11,4,14,France,False
1420,2016,Germany,Athletics,Male,184.0,16,16,6,UK,False
1421,2020,Australia,Swimming,Male,336.0,4,11,20,France,False
1422,2024,,Shooting,Male,143.0,9,12,2,Australia,False
1423,2016,Australia,Shooting,Male,295.0,16,16,8,China,False
1424,2008,Canada,Boxing,Female,35.0,1,0,5,China,False
1425,1992,China,Shooting,Female,166.0,7,7,3,China,True
1426,2012,Australia,Swimming,Male,314.0,8,3,1,Australia,True
1427,1992,India,Boxing,Male,473.0,5,10,3,France,False
1428,2016,Australia,Gymnastics,Male,101.0,8,15,14,France,False
1429,2004,UK,Cycling,Male,,16,6,2,Japan,False
1430,1988,China,Cycling,Male,415.0,4,0,11,Australia,False
1431,2012,Canada,Swimming,Female,95.0,20,16,15,China,False
1432,2000,Canada,Shooting,Female,183.0,19,17,4,Australia,False
1433,1992,India,Rowing,Female,448.0,2,18,2,China,False
1434,2020,Germany,Swimming,Male,256.0,7,1,19,Japan,False
1435,2008,USA,Cycling,Female,473.0,8,12,11,USA,True
1436,1996,Germany,Swimming,Male,437.0,16,19,16,UK,False
1437,2012,Canada,Athletics,Male,299.0,15,8,20,USA,False
1438,1988,Japan,Rowing,Female,103.0,10,1,4,China,False
1439,2020,Japan,Athletics,Male,253.0,2,18,19,France,False
1440,1988,Japan,Swimming,Female,307.0,19,2,17,Brazil,False
1441,1996,Germany,Athletics,Male,19.0,15,16,7,France,False
1442,2008,Australia,Shooting,Female,401.0,7,0,1,USA,False
1443,2000,France,Rowing,Male,283.0,15,1,12,Australia,False
1444,2012,Russia,Rowing,Female,282.0,4,3,14,USA,False
1445,2024,Japan,Boxing,Male,176.0,13,1,7,China,False
1446,1992,Canada,Athletics,Male,212.0,17,18,1,Australia,False
1447,1988,UK,Athletics,Male,30.0,4,14,5,UK,True
1448,1988,Japan,Boxing,Male,150.0,4,19,12,Brazil,False
1449,1992,China,Swimming,Female,481.0,17,6,15,France,False
1450,2008,UK,Shooting,Female,483.0,11,17,9,Australia,False
1451,2000,France,Wrestling,Female,358.0,17,16,3,USA,False
1452,2008,Australia,Shooting,Female,41.0,6,4,16,China,False
1453,2004,France,Cycling,,191.0,4,1,7,France,True
1454,2016,India,Swimming,Male,256.0,1,8,8,Japan,False
1455,2012,Germany,Swimming,Male,143.0,19,12,15,USA,False
1456,2012,Australia,Shooting,Male,115.0,6,12,5,France,False
1457,2012,France,Athletics,Female,17.0,17,11,0,Japan,False
1458,2008,Germany,Cycling,Male,175.0,19,13,13,Australia,False
1459,1988,China,Rowing,,440.0,17,14,13,Japan,False
1460,2024,France,Wrestling,Male,492.0,12,14,7,China,False
1461,1988,Germany,Wrestling,Male,128.0,17,9,10,Japan,False
1462,2012,USA,Wrestling,Female,138.0,8,20,19,USA,True
1463,1992,Germany,Boxing,Female,434.0,5,14,14,USA,False
1464,2016,USA,Shooting,Male,495.0,11,15,20,Australia,False
1465,2020,UK,Rowing,Male,297.0,2,8,19,Japan,False
1466,2008,China,Shooting,Male,133.0,8,8,15,China,True
1467,2000,Russia,Gymnastics,Male,120.0,3,20,1,China,False
1468,2020,India,Boxing,Male,284.0,7,1,8,UK,False
1469,1988,Japan,Athletics,Male,180.0,3,2,16,Brazil,False
1470,1992,France,Swimming,Male,105.0,10,18,11,Australia,False
1471,2012,China,Rowing,Female,74.0,0,10,19,Australia,False
1472,2008,Japan,Rowing,Female,241.0,9,19,0,China,False
1473,2008,USA,Wrestling,Male,467.0,18,0,3,Japan,False
1474,2000,Japan,Boxing,Male,194.0,18,1,4,Brazil,False
1475,1992,China,Cycling,Female,276.0,3,16,1,Japan,False
1476,2016,France,Shooting,Female,138.0,6,18,9,China,False
1477,2008,UK,Boxing,Male,234.0,10,3,7,Brazil,False
1478,2012,,Swimming,Female,287.0,16,2,11,France,False
1479,2016,Canada,Cycling,Female,403.0,13,7,18,Australia,False
1480,1996,France,Cycling,Female,346.0,18,4,19,UK,False
1481,2004,Japan,Boxing,Male,42.0,13,13,16,China,False
1482,2024,India,Cycling,Male,449.0,14,0,5,USA,False
1483,2012,Germany,Shooting,Male,65.0,1,13,0,France,False
1484,1996,China,Gymnastics,Female,463.0,13,11,4,Brazil,False
1485,2020,UK,Wrestling,Male,173.0,10,18,19,Japan,False
1486,1992,USA,Swimming,Female,487.0,14,13,20,Brazil,False
1487,2012,Germany,Shooting,Male,376.0,5,18,16,USA,False
1488,1996,USA,Boxing,Female,195.0,10,14,5,Japan,False
1489,2024,Germany,Swimming,Male,153.0,15,10,1,Japan,False
1490,2020,France,Rowing,Female,166.0,12,10,5,China,False
1491,1988,UK,Rowing,Female,295.0,19,10,3,UK,True
1492,2004,Russia,Swimming,,141.0,15,14,7,China,False
1493,2004,Germany,Swimming,Male,342.0,8,4,3,China,False
1494,2020,France,Gymnastics,Male,307.0,1,17,17,Australia,False
1495,2000,USA,Shooting,Male,190.0,6,9,18,Brazil,False
1496,2016,France,Gymnastics,Female,152.0,3,3,14,Brazil,False
1497,2016,Germany,Swimming,Male,143.0,3,11,2,France,False
1498,2000,China,Boxing,Male,260.0,10,8,14,France,False
1499,2020,China,Boxing,Male,222.0,3,16,10,China,True
1500,2020,USA,Athletics,Male,71.0,18,12,7,France,False
1501,2000,Germany,Shooting,Male,249.0,5,15,9,China,False
1502,2000,China,Cycling,Male,223.0,2,15,17,Japan,False
1503,2000,Russia,Athletics,Female,353.0,8,19,12,France,False
1504,2024,UK,Boxing,Female,272.0,5,9,7,UK,True
1505,2016,India,Rowing,Female,279.0,15,9,3,China,False
1506,1992,Germany,Rowing,Female,167.0,7,13,3,China,False
1507,2016,Japan,Swimming,Female,357.0,12,4,15,Australia,False
1508,2016,Canada,Rowing,Male,15.0,9,8,16,China,False
1509,2012,USA,Boxing,Female,346.0,10,13,12,Australia,False
1510,2016,Australia,Rowing,Female,468.0,1,8,15,France,False
1511,2000,Japan,Athletics,Female,230.0,13,7,18,China,False
1512,2020,UK,Swimming,Female,67.0,19,17,0,France,False
1513,1988,Australia,Swimming,Female,468.0,11,17,2,France,False
1514,1988,France,Cycling,Female,275.0,6,5,17,Brazil,False
1515,2000,Germany,Gymnastics,Female,170.0,13,6,17,France,False
1516,2000,USA,Athletics,Male,387.0,16,3,16,Brazil,False
1517,2016,USA,Gymnastics,Female,155.0,0,7,20,Australia,False
1518,2000,USA,Wrestling,Male,417.0,12,20,12,China,False
1519,2004,China,Swimming,Male,259.0,13,0,0,France,False
1520,2020,Canada,Gymnastics,Male,377.0,18,12,6,Australia,False
1521,2024,Germany,Boxing,Female,,0,9,8,Brazil,False
1522,2000,,Wrestling,Female,193.0,9,13,2,China,True
1523,2012,France,Wrestling,Female,146.0,17,16,7,Brazil,False
1524,1988,India,Rowing,Female,391.0,17,3,14,China,False
1525,2024,USA,Rowing,Male,229.0,11,15,18,USA,True
1526,2004,Japan,Gymnastics,Male,49.0,17,5,6,Australia,False
1527,2016,Canada,Cycling,Male,73.0,12,19,15,Japan,False
1528,2024,UK,Athletics,Female,130.0,13,9,10,Australia,False
1529,1996,USA,Boxing,Female,447.0,0,8,6,Australia,False
1530,2020,,,Female,492.0,20,7,10,Brazil,False
1531,2016,France,Swimming,Male,218.0,2,12,4,Australia,False
1532,1988,Russia,Swimming,Male,102.0,14,3,1,Brazil,False
1533,2016,Russia,Shooting,Male,384.0,17,13,12,USA,False
1534,2004,China,Rowing,Female,369.0,8,16,10,Japan,False
1535,2008,Canada,Gymnastics,Male,149.0,16,6,19,France,False
1536,2008,France,Wrestling,Female,237.0,6,10,4,China,False
1537,2020,India,Athletics,Female,214.0,5,4,15,USA,False
1538,1988,Germany,Cycling,Male,356.0,3,17,14,UK,False
1539,1992,USA,Shooting,Male,35.0,11,20,17,China,False
1540,2008,USA,Cycling,Female,146.0,13,18,9,UK,False
1541,2024,Australia,Wrestling,Male,40.0,18,4,3,France,False
1542,2000,Germany,Gymnastics,Female,289.0,3,4,16,Japan,False
1543,2012,Japan,Wrestling,Female,108.0,5,0,7,China,False
1544,1992,Canada,Gymnastics,Male,85.0,15,0,10,USA,False
1545,1988,Russia,Shooting,Female,341.0,15,10,9,Japan,False
1546,1992,UK,Rowing,Female,397.0,12,15,11,UK,True
1547,2020,Japan,Swimming,Male,490.0,5,20,8,France,False
1548,1996,Australia,Shooting,Female,356.0,8,3,17,Brazil,False
1549,2008,Russia,Athletics,Female,438.0,14,11,13,China,False
1550,2024,France,Cycling,Female,192.0,5,0,6,Brazil,False
1551,2008,France,Cycling,Male,301.0,9,10,3,UK,False
1552,2004,France,Athletics,Female,18.0,20,8,20,Brazil,False
1553,2012,USA,Wrestling,Female,321.0,1,18,0,Australia,False
1554,2016,Canada,Shooting,Female,89.0,15,20,17,Australia,False
1555,1992,USA,Boxing,Male,314.0,4,5,4,USA,True
1556,2012,China,Athletics,Female,327.0,1,10,3,Australia,False
1557,2020,Germany,Cycling,Male,171.0,10,5,18,France,False
1558,2008,,Athletics,Female,214.0,1,2,6,Australia,False
1559,2020,Russia,Wrestling,Male,89.0,14,1,8,Japan,False
1560,2000,France,Rowing,Male,326.0,0,9,8,Japan,False
1561,2008,China,Boxing,Female,291.0,2,18,14,USA,False
1562,1992,China,Gymnastics,Male,96.0,10,18,20,USA,False
1563,1996,USA,Cycling,Female,236.0,2,7,9,Australia,False
1564,2000,Russia,Wrestling,Male,195.0,9,5,8,China,False
1565,2024,Japan,Rowing,Male,428.0,6,8,6,China,False
1566,2004,Germany,Shooting,Female,48.0,15,11,18,UK,False
1567,2008,France,Shooting,Male,19.0,18,12,4,Japan,False
1568,2024,UK,Rowing,Female,331.0,9,6,10,France,False
1569,2020,France,Wrestling,Male,263.0,6,8,6,Brazil,False
1570,2004,USA,Swimming,Male,244.0,4,14,18,UK,False
1571,2008,Canada,Rowing,Male,166.0,3,20,11,Australia,False
1572,1988,Russia,Rowing,Female,172.0,10,20,3,China,False
1573,2008,Germany,Gymnastics,Female,280.0,5,0,14,Australia,False
1574,2024,India,Rowing,Female,243.0,7,8,11,Japan,False
1575,2008,India,Rowing,Female,21.0,7,16,3,Brazil,False
1576,2012,Germany,Rowing,Male,84.0,16,5,9,Japan,False
1577,2020,UK,Gymnastics,Male,340.0,10,1,2,UK,True
1578,1996,Japan,Shooting,Female,85.0,14,0,4,China,False
1579,1996,Germany,Wrestling,Male,95.0,7,6,13,USA,False
1580,2000,Russia,Boxing,Male,245.0,5,11,3,Brazil,False
1,1992,USA,Wrestling,Male,115.0,4,3,17,USA,True
2,2024,Australia,Athletics,Male,48.0,6,7,16,Japan,False
3,1988,France,Cycling,Female,113.0,14,18,8,Australia,False
4,1988,Russia,Rowing,Female,143.0,4,6,10,USA,False
5,1992,Australia,Swimming,Female,434.0,11,19,8,Australia,True
6,1988,India,Swimming,Female,41.0,17,9,20,Japan,False
7,2008,Canada,Cycling,Male,24.0,7,9,2,Australia,False
8,2000,China,Rowing,Female,233.0,20,11,5,UK,False
9,2008,UK,Wrestling,Male,312.0,20,5,17,France,False
10,2000,Russia,Shooting,Female,139.0,20,17,7,France,False
11,2008,USA,Cycling,Male,413.0,10,12,8,USA,True
12,2000,Canada,Boxing,Male,336.0,15,12,20,Brazil,False
13,1996,Germany,Gymnastics,Male,382.0,17,17,8,France,False
14,2024,Australia,,Female,113.0,4,16,15,USA,False
15,1988,China,Gymnastics,Male,406.0,13,19,2,Brazil,False
16,2012,Canada,Shooting,Female,498.0,17,0,3,France,False
17,2020,Germany,Boxing,Male,151.0,13,5,14,USA,False
18,2004,France,Gymnastics,Male,446.0,20,9,20,Japan,False
19,2024,UK,Gymnastics,Female,391.0,5,17,16,USA,False
20,2024,Japan,Shooting,Male,58.0,11,9,7,USA,False
